"PlotId","StationId","Yearmon","Ta_200","Ta_200_min","Ta_200_max"
"cof1","000rug","2011-01",22.72,20.766,25.9
"cof1","000rug","2011-02",22.291,17.22,25.022
"cof1","000rug","2011-03",20.785,19.708,22.289
"cof1","000rug","2011-04",19.79,18.055,21.026
"cof1","000rug","2011-05",18.574,17.681,19.936
"cof1","000rug","2011-06",17.627,16.296,19.443
"cof1","000rug","2011-07",16.814,15.63,17.839
"cof1","000rug","2011-08",17.078,15.741,17.996
"cof1","000rug","2011-09",17.969,16.26,19.66
"cof1","000rug","2011-10",19.017,16.391,21.307
"cof1","000rug","2011-11",19.928,18.77,20.966
"cof1","000rug","2011-12",20.423,18.829,21.558
"cof1","000rug","2012-01",21.994,21.042,23.365
"cof1","000rug","2012-02",21.597,19.951,23.332
"cof1","000rug","2012-03",21.28,19.705,22.482
"cof1","000rug","2012-04",19.575,17.953,21.907
"cof1","000rug","2012-05",18.034,16.516,19.465
"cof1","000rug","2012-06",16.788,15.301,18.748
"cof1","000rug","2012-07",15.952,14.508,17.79
"cof1","000rug","2012-08",16.706,15.355,17.878
"cof1","000rug","2012-09",18.086,15.821,20.123
"cof1","000rug","2012-10",19.671,17.53,21.647
"cof1","000rug","2012-11",19.862,17.393,21.304
"cof1","000rug","2012-12",20.378,19.01,21.882
"cof1","000rug","2013-01",21.115,19.396,22.315
"cof1","000rug","2013-02",21.6,19.359,23.007
"cof1","000rug","2013-03",20.533,19.362,21.807
"cof1","000rug","2013-04",19.56,17.924,20.891
"cof1","000rug","2013-05",17.882,16.474,18.895
"cof1","000rug","2013-06",16.517,14.998,17.5
"cof1","000rug","2013-07",16.143,15.231,17.364
"cof1","000rug","2013-08",16.572,15.203,18.072
"cof1","000rug","2013-09",18.584,16.983,21.315
"cof1","000rug","2013-10",19.679,18.247,21.587
"cof1","000rug","2013-11",20.1665,17.207,21.7945
"cof1","000rug","2013-12",20.0285,18.613,21.359
"cof1","000rug","2014-01",21.228,20.0845,21.7905
"cof1","000rug","2014-02",20.443,18.5985,22.325
"cof1","000rug","2014-03",20.2425,19.06,21.227
"cof1","000rug","2014-04",19.064,17.795,20.688
"cof2","000rug","2011-01",21.814,20.315,24.397
"cof2","000rug","2011-02",21.647,17.686,23.65
"cof2","000rug","2011-03",20.857,19.815,22.142
"cof2","000rug","2011-04",19.886,18.239,20.842
"cof2","000rug","2011-05",18.727,17.861,20.153
"cof2","000rug","2011-06",17.803,16.499,19.637
"cof2","000rug","2011-07",17.036,15.681,18.152
"cof2","000rug","2011-08",17.396,15.98,18.286
"cof2","000rug","2011-09",18.645,16.616,20.352
"cof2","000rug","2011-10",19.7,16.899,22.588
"cof2","000rug","2011-11",20.596,19.055,21.844
"cof2","000rug","2011-12",21.055,19.127,22.355
"cof2","000rug","2012-01",22.329,21.308,23.649
"cof2","000rug","2012-02",21.791,19.917,23.821
"cof2","000rug","2012-03",21.131,19.809,22.581
"cof2","000rug","2012-04",19.701,17.796,21.785
"cof2","000rug","2012-05",18.366,16.75,19.917
"cof2","000rug","2012-06",17.611,16.294,18.483
"cof2","000rug","2012-07",16.812,15.272,18.312
"cof2","000rug","2012-08",17.497,15.835,18.777
"cof2","000rug","2012-09",18.696,16.957,20.159
"cof2","000rug","2012-10",20.451,18.283,22.074
"cof2","000rug","2012-11",20.527,17.458,21.956
"cof2","000rug","2012-12",21.177,19.582,23.129
"cof2","000rug","2013-01",21.515,19.742,22.718
"cof2","000rug","2013-02",21.958,19.873,23.583
"cof2","000rug","2013-03",20.924,19.702,22.089
"cof2","000rug","2013-04",20.136,18.294,21.677
"cof2","000rug","2013-05",18.475,16.9,19.676
"cof2","000rug","2013-06",17.113,15.3,18.322
"cof2","000rug","2013-07",16.719,15.379,18.099
"cof2","000rug","2013-08",17.095,15.544,18.758
"cof2","000rug","2013-09",19.296,17.736,22.232
"cof2","000rug","2013-10",20.48,19.072,22.186
"cof2","000rug","2013-11",20.8895,17.344,22.6515
"cof2","000rug","2013-12",20.582,19.0595,22.062
"cof2","000rug","2014-01",21.897,20.411,22.6385
"cof2","000rug","2014-02",21.1025,18.8755,23.216
"cof2","000rug","2014-03",20.772,19.3815,21.89
"cof3","000rug","2011-01",22.146,20.777,24.228
"cof3","000rug","2011-02",21.879,18.257,23.718
"cof3","000rug","2011-03",21.188,19.756,22.736
"cof3","000rug","2011-04",20.053,18.642,20.921
"cof3","000rug","2011-05",19.039,18.281,20.459
"cof3","000rug","2011-06",18.196,17.057,19.782
"cof3","000rug","2011-07",17.656,16.337,18.926
"cof3","000rug","2011-08",17.931,16.666,18.859
"cof3","000rug","2011-09",19.313,17.47,21.505
"cof3","000rug","2011-10",20.241,17.362,22.732
"cof3","000rug","2011-11",21.03,19.364,22.433
"cof3","000rug","2011-12",21.399,19.51,22.656
"cof3","000rug","2012-01",23.09,22.106,24.545
"cof3","000rug","2012-02",22.439,20.777,24.366
"cof3","000rug","2012-03",21.87,20.082,23.087
"cof3","000rug","2012-04",20.139,18.297,22.346
"cof3","000rug","2012-05",18.794,16.966,20.296
"cof3","000rug","2012-06",17.856,16.499,18.687
"cof3","000rug","2012-07",17.194,15.549,18.693
"cof3","000rug","2012-08",17.725,16.004,18.789
"cof3","000rug","2012-09",19.31,17.159,21.262
"cof3","000rug","2012-10",21.538,18.939,23.486
"cof3","000rug","2012-11",21.318,17.763,23.128
"cof3","000rug","2012-12",21.997,19.976,24.487
"cof3","000rug","2013-01",22.501,20.49,23.933
"cof3","000rug","2013-02",22.763,20.55,24.645
"cof3","000rug","2013-03",21.443,20.191,22.837
"cof3","000rug","2013-04",20.474,18.442,21.945
"cof3","000rug","2013-05",18.71,17.234,19.94
"cof3","000rug","2013-06",17.274,15.518,18.458
"cof3","000rug","2013-07",16.891,15.515,18.105
"cof3","000rug","2013-08",17.272,15.711,18.783
"cof3","000rug","2013-09",19.314,17.632,22.098
"cof3","000rug","2013-10",21.022,19.387,23.049
"cof3","000rug","2013-11",22.073,18.412,24.052
"cof3","000rug","2013-12",21.7595,19.985,23.4935
"cof3","000rug","2014-01",23.44,22.015,24.189
"cof3","000rug","2014-02",21.83,19.441,24.407
"cof3","000rug","2014-03",21.407,20.0805,22.4455
"cof3","000rug","2014-04",20.046,18.883,21.811
"cof4","000rug","2011-01",23.668,22.093,25.407
"cof4","000rug","2011-02",23.769,19.939,26.238
"cof4","000rug","2011-03",23.333,20.869,25.45
"cof4","000rug","2011-04",22.466,20.894,23.841
"cof4","000rug","2011-05",21.411,19.556,23.07
"cof4","000rug","2011-06",20.761,17.875,22.4
"cof4","000rug","2011-07",20.087,18.473,21.934
"cof4","000rug","2011-08",20.168,18.706,21.218
"cof4","000rug","2011-09",20.844,18.592,22.792
"cof4","000rug","2011-10",21.483,17.73,24.179
"cof4","000rug","2011-11",22.414,20.568,24.007
"cof4","000rug","2011-12",23.525,21.065,24.844
"cof4","000rug","2012-01",24.943,23.569,27.025
"cof4","000rug","2012-02",24.003,20.468,27.345
"cof4","000rug","2012-03",23.744,21.814,25.882
"cof4","000rug","2012-04",22.37,19.794,25.19
"cof4","000rug","2012-05",20.884,18.325,22.419
"cof4","000rug","2012-06",19.596,17.636,20.819
"cof4","000rug","2012-07",19.092,16.627,21.37
"cof4","000rug","2012-08",20.089,17.392,21.842
"cof4","000rug","2012-09",21.667,18.713,23.934
"cof4","000rug","2012-10",23.649,20.512,25.712
"cof4","000rug","2012-11",23.147,18.954,24.964
"cof4","000rug","2012-12",23.733,21.055,26.558
"cof4","000rug","2013-01",24.635,21.405,26.972
"cof4","000rug","2013-02",25.578,22.697,27.981
"cof4","000rug","2013-03",24.359,22.417,26.334
"cof4","000rug","2013-04",23.416,19.823,25.443
"cof4","000rug","2013-05",21.558,18.79,24.191
"cof4","000rug","2013-06",20.285,17.582,22.542
"cof4","000rug","2013-07",19.659,16.872,21.468
"cof4","000rug","2013-08",19.684,17.248,21.914
"cof4","000rug","2013-09",22.352,20.16,26.041
"cof4","000rug","2013-10",24.638,22.541,26.848
"cof4","000rug","2013-11",25.1135,19.963,27.38
"cof4","000rug","2013-12",23.7655,21.2085,25.9955
"cof4","000rug","2014-01",25.6045,23.959,27.1665
"cof4","000rug","2014-02",23.841,20.51,27.1775
"cof4","000rug","2014-03",23.6435,21.077,25.811
"cof4","000rug","2014-04",22.006,20.095,24.437
"cof5","000rug","2011-01",19.308,17.731,21.144
"cof5","000rug","2011-02",19.392,16.624,21.217
"cof5","000rug","2011-03",18.923,17.036,20.555
"cof5","000rug","2011-04",18.168,17.134,18.967
"cof5","000rug","2011-05",17.394,16.301,18.73
"cof5","000rug","2011-06",16.231,14.722,18.335
"cof5","000rug","2011-07",15.233,13.368,16.439
"cof5","000rug","2011-08",15.747,14.288,16.584
"cof5","000rug","2011-09",16.914,14.813,18.752
"cof5","000rug","2011-10",17.57,15.27,19.659
"cof5","000rug","2011-11",18.253,16.822,19.489
"cof5","000rug","2011-12",18.698,16.98,20.136
"cof5","000rug","2012-01",19.912,17.956,21.914
"cof5","000rug","2012-02",19.743,17.608,21.176
"cof5","000rug","2012-03",19.335,17.636,20.585
"cof5","000rug","2012-04",17.77,16.479,19.696
"cof5","000rug","2012-05",16.648,15.266,17.551
"cof5","000rug","2012-06",15.397,13.988,16.737
"cof5","000rug","2012-07",14.556,13.235,16.129
"cof5","000rug","2012-08",15.32,13.889,16.935
"cof5","000rug","2012-09",16.444,14.94,18.262
"cof5","000rug","2012-10",17.857,15.285,19.416
"cof5","000rug","2012-11",18.014,15.532,19.385
"cof5","000rug","2012-12",18.078,16.726,19.209
"cof5","000rug","2013-01",19.225,17.702,21.129
"cof5","000rug","2013-02",19.5365,17.499,21.3445
"cof5","000rug","2013-03",18.6645,17.6995,19.8855
"cof5","000rug","2013-04",18.3315,16.451,19.5995
"cof5","000rug","2013-05",16.501,15.056,17.344
"cof5","000rug","2013-06",14.759,13.176,16.041
"cof5","000rug","2013-07",14.404,13.076,15.807
"cof5","000rug","2013-08",15.025,13.301,16.778
"cof5","000rug","2013-09",17.36,15.09,20.111
"cof5","000rug","2013-10",18.455,17.08,20.028
"cof5","000rug","2013-11",18.872,15.584,20.132
"cof5","000rug","2013-12",18.003,16.748,19.74
"cof5","000rug","2014-01",19.788,18.5095,20.52
"cof5","000rug","2014-02",18.836,16.58,21.3305
"cof5","000rug","2014-03",18.6025,17.385,20.1425
"cof5","000rug","2014-04",17.814,16.759,18.912
"fer3","000rug","2012-01",7.586,6.067,9.186
"fer3","000rug","2012-02",7.074,5.148,8.55
"fer3","000rug","2012-03",6.547,5.509,7.604
"fer3","000rug","2012-04",5.373,4.299,6.692
"fer3","000rug","2012-05",4.477,3.145,5.328
"fer3","000rug","2012-06",5.209,3.062,7.095
"fer3","000rug","2012-07",5.289,2.626,7.471
"fer3","000rug","2012-08",4.881,2.619,7.095
"fer3","000rug","2012-09",5.423,3.072,7.377
"fer3","000rug","2012-10",5.78,4.722,8.195
"fer3","000rug","2012-11",5.757,4.049,6.927
"fer3","000rug","2012-12",5.561,4.042,6.568
"fer5","000rug","2012-01",5.217,3.883,7.144
"fer5","000rug","2012-02",4.819,3.813,6.154
"fer5","000rug","2012-03",4.988,4.059,5.971
"fer5","000rug","2012-04",5.16,3.913,6.693
"fer5","000rug","2012-05",4.133,2.933,5.273
"fer5","000rug","2012-06",2.847,0.703,5.661
"fer5","000rug","2012-07",2.398,0.321,5.402
"fer5","000rug","2012-08",3.042,0.946,5.194
"fer5","000rug","2012-09",4.025,1.972,7.707
"fer5","000rug","2012-10",4.769,3.075,6.35
"fer5","000rug","2012-11",4.821,3.665,5.692
"fer5","000rug","2012-12",4.874,3.781,5.797
"flm1","000rug","2011-01",17.879,17.007,19.271
"flm1","000rug","2011-02",17.561,15.489,18.798
"flm1","000rug","2011-03",16.3,15.705,17.029
"flm1","000rug","2011-04",15.59,14.839,16.31
"flm1","000rug","2011-05",14.65,13.878,15.373
"flm1","000rug","2011-06",13.611,12.421,15.35
"flm1","000rug","2011-07",12.7,11.005,13.89
"flm1","000rug","2011-08",13.027,12.164,13.729
"flm1","000rug","2011-09",14.242,12.562,15.561
"flm1","000rug","2011-10",15.38,13.162,18.199
"flm1","000rug","2011-11",16.139,14.915,17.523
"flm1","000rug","2011-12",16.635,15.244,17.905
"flm1","000rug","2012-01",18.276,17.003,20.018
"flm1","000rug","2012-02",17.809,15.513,19.722
"flm1","000rug","2012-03",16.9,15.466,18.542
"flm1","000rug","2012-04",15.567,14.406,17.636
"flm1","000rug","2012-05",14.278,13.113,15.342
"flm1","000rug","2012-06",13.012,11.894,15.391
"flm1","000rug","2012-07",12.366,11.163,13.681
"flm1","000rug","2012-08",13.141,11.855,14.396
"flm1","000rug","2012-09",14.411,12.77,16.792
"flm1","000rug","2012-10",15.726,13.833,17.25
"flm1","000rug","2012-11",15.838,14.064,17.34
"flm1","000rug","2012-12",16.173,15.391,17.036
"flm1","000rug","2013-01",17.918,16.576,19.599
"flm1","000rug","2013-02",17.787,16.142,18.912
"flm1","000rug","2013-03",16.676,15.443,17.825
"flm1","000rug","2013-04",15.771,14.4,16.97
"flm1","000rug","2013-05",14.056,12.974,14.971
"flm1","000rug","2013-06",12.444,11.129,13.789
"flm1","000rug","2013-07",12.176,11.268,13.195
"flm1","000rug","2013-08",12.642,11.407,14.411
"flm1","000rug","2013-09",14.858,13.47,17.456
"flm1","000rug","2013-10",15.742,13.685,17.68
"flm1","000rug","2013-11",16.4185,14.082,18.288
"flm1","000rug","2013-12",16.4745,15.052,17.971
"flm2","000rug","2012-01",17.337,15.988,18.636
"flm2","000rug","2012-02",16.989,15.106,18.704
"flm2","000rug","2012-03",16.343,15.177,17.799
"flm2","000rug","2012-04",15.209,14.274,17.027
"flm2","000rug","2012-05",14.184,13.285,15.021
"flm2","000rug","2012-06",13.249,12.29,15.066
"flm2","000rug","2012-07",12.6,11.611,13.714
"flm2","000rug","2012-08",13.267,12.319,14.483
"flm2","000rug","2012-09",14.279,13.116,15.619
"flm2","000rug","2012-10",15.596,13.776,16.856
"flm2","000rug","2012-11",15.747,14.572,16.664
"flm2","000rug","2012-12",16.2675,15.2715,17.09
"flm2","000rug","2013-01",17.342,16.221,18.876
"flm2","000rug","2013-02",17.41,16.101,18.655
"flm2","000rug","2013-03",16.563,15.405,17.495
"flm2","000rug","2013-04",16.046,14.965,17.2
"flm2","000rug","2013-05",14.383,13.287,15.597
"flm2","000rug","2013-06",12.81,11.708,14.038
"flm2","000rug","2013-07",12.459,11.602,13.569
"flm2","000rug","2013-08",13.018,11.915,14.076
"flm2","000rug","2013-09",14.648,13.698,16.709
"flm2","000rug","2013-10",15.232,14.308,16.661
"flm2","000rug","2013-11",16.1915,14.616,17.565
"flm2","000rug","2013-12",16.112,15.208,17.1495
"flm3","000rug","2011-01",18.322,17.516,19.038
"flm3","000rug","2011-02",17.969,15.928,19.04
"flm3","000rug","2011-03",17.815,16.549,19.568
"flm3","000rug","2011-04",17.132,16.539,17.705
"flm3","000rug","2011-05",16.528,15.853,17.19
"flm3","000rug","2011-06",15.639,14.616,16.737
"flm3","000rug","2011-07",14.935,13.51,16.149
"flm3","000rug","2011-08",15.256,14.375,15.878
"flm3","000rug","2011-09",15.946,14.195,18.052
"flm3","000rug","2011-10",16.833,15.092,18.168
"flm3","000rug","2011-11",17.54,16.322,19.19
"flm3","000rug","2011-12",17.538,16.258,18.839
"flm3","000rug","2012-01",18.519,17.183,20.099
"flm3","000rug","2012-02",18.595,17.21,20.094
"flm3","000rug","2012-03",18.403,17.304,19.469
"flm3","000rug","2012-04",17.143,16.221,18.928
"flm3","000rug","2012-05",15.996,15.08,16.821
"flm3","000rug","2012-06",14.774,13.691,16.009
"flm3","000rug","2012-07",13.966,12.792,15.238
"flm3","000rug","2012-08",14.743,13.587,16.147
"flm3","000rug","2012-09",15.873,14.518,17.81
"flm3","000rug","2012-10",17.213,15.144,18.697
"flm3","000rug","2012-11",17.495,15.629,18.614
"flm3","000rug","2012-12",17.515,16.066,18.792
"flm3","000rug","2013-01",18.22,16.676,19.863
"flm3","000rug","2013-02",18.494,17.073,20.036
"flm3","000rug","2013-03",17.467,16.453,18.453
"flm3","000rug","2013-04",16.795,15.591,18.012
"flm3","000rug","2013-05",15.066,14.063,16.285
"flm3","000rug","2013-06",13.359,11.63,14.976
"flm3","000rug","2013-07",13.146,11.804,15.036
"flm3","000rug","2013-08",13.635,12.194,15.876
"flm3","000rug","2013-09",15.697,13.88,18.025
"flm3","000rug","2013-10",16.36,14.643,18.69
"flm3","000rug","2013-11",17.27,15.146,18.96
"flm3","000rug","2013-12",17.141,16.086,18.768
"flm4","000rug","2011-01",18.368,17.613,19.355
"flm4","000rug","2011-02",18.111,16.16,19.048
"flm4","000rug","2011-03",17.71,16.758,19.13
"flm4","000rug","2011-04",16.819,16.28,17.241
"flm4","000rug","2011-05",16.179,15.628,16.9
"flm4","000rug","2011-06",15.179,14.046,16.416
"flm4","000rug","2011-07",14.258,12.924,15.418
"flm4","000rug","2011-08",14.644,13.773,15.219
"flm4","000rug","2011-09",15.787,14.108,17.754
"flm4","000rug","2011-10",16.642,14.929,18.031
"flm4","000rug","2011-11",17.383,16.297,18.76
"flm4","000rug","2011-12",17.527,16.525,18.588
"flm4","000rug","2012-01",18.7,17.54,20.176
"flm4","000rug","2012-02",18.593,17.294,20.037
"flm4","000rug","2012-03",18.258,17.193,19.243
"flm4","000rug","2012-04",16.968,15.954,18.763
"flm4","000rug","2012-05",15.791,14.955,16.756
"flm4","000rug","2012-06",14.62,13.507,15.956
"flm4","000rug","2012-07",13.907,12.76,15.223
"flm4","000rug","2012-08",14.656,13.601,15.911
"flm4","000rug","2012-09",15.702,14.508,17.596
"flm4","000rug","2012-10",17.026,15.088,18.487
"flm4","000rug","2012-11",17.399,15.399,18.646
"flm4","000rug","2012-12",17.461,16.303,18.661
"flm4","000rug","2013-01",18.18,16.857,19.603
"flm4","000rug","2013-02",18.473,17.3,19.894
"flm4","000rug","2013-03",17.719,16.836,19.255
"flm4","000rug","2013-04",16.967,15.733,18.037
"flm4","000rug","2013-05",15.554,14.9,16.222
"flm4","000rug","2013-06",14.002,12.738,15.243
"flm4","000rug","2013-07",13.582,12.742,14.685
"flm4","000rug","2013-08",14.063,12.973,15.221
"flm4","000rug","2013-09",16.055,14.827,18.066
"flm4","000rug","2013-10",16.978,15.56,18.424
"flm4","000rug","2013-11",18.003,15.598,19.285
"flm4","000rug","2013-12",17.343,16.369,19.079
"flm4","000rug","2014-01",18.636,17.589,19.407
"flm4","000rug","2014-02",17.941,16.533,19.086
"flm5","000rug","2011-01",16.628,15.65,17.638
"flm5","000rug","2011-02",16.154,14.071,17.126
"flm5","000rug","2011-03",15.552,14.381,16.631
"flm5","000rug","2011-04",14.945,14.132,15.495
"flm5","000rug","2011-05",14.137,13.056,15.245
"flm5","000rug","2011-06",12.942,11.704,14.334
"flm5","000rug","2011-07",11.864,10.412,13.08
"flm5","000rug","2011-08",12.307,11.324,12.947
"flm5","000rug","2011-09",13.52,11.717,15.68
"flm5","000rug","2011-10",14.502,12.598,16.152
"flm5","000rug","2011-11",15.391,14.185,16.902
"flm5","000rug","2011-12",15.75,14.586,16.94
"flm6","000rug","2011-01",14.991,13.232,16.427
"flm6","000rug","2011-02",15.477,13.523,16.49
"flm6","000rug","2011-03",15.283,14.211,16.197
"flm6","000rug","2011-04",14.929,14.216,15.519
"flm6","000rug","2011-05",14.484,13.717,15.207
"flm6","000rug","2011-06",14.25,13.017,14.917
"flm6","000rug","2011-07",13.966,13.283,14.775
"flm6","000rug","2011-08",13.962,13.36,14.432
"flm6","000rug","2011-09",14.236,13.315,15.047
"flm6","000rug","2011-10",14.498,12.914,15.521
"flm6","000rug","2011-11",14.896,13.897,15.558
"flm6","000rug","2011-12",15.067,13.991,15.951
"flm6","000rug","2012-01",16.146,14.832,17.571
"flm6","000rug","2012-02",16.441,14.828,17.635
"flm6","000rug","2012-03",16.036,14.652,17.692
"flm6","000rug","2012-04",14.76,13.816,16.311
"flm6","000rug","2012-05",13.698,12.646,14.821
"flm6","000rug","2012-06",12.44,10.898,14.675
"flm6","000rug","2012-07",11.575,10.524,13.018
"flm6","000rug","2012-08",11.983,10.33,13.346
"flm6","000rug","2012-09",12.75,11.272,14.99
"flm6","000rug","2012-10",13.861,12.145,14.995
"flm6","000rug","2012-11",14.518,13.614,15.54
"flm6","000rug","2012-12",14.521,13.699,15.172
"foc1","000rug","2011-01",11.93,11.533,12.365
"foc1","000rug","2011-02",11.896,10.998,12.525
"foc1","000rug","2011-03",11.719,11.244,12.207
"foc1","000rug","2011-04",11.478,11.184,11.764
"foc1","000rug","2011-05",11.233,10.805,11.544
"foc1","000rug","2011-06",10.983,10.393,11.425
"foc1","000rug","2011-07",10.83,10.39,11.255
"foc1","000rug","2011-08",10.946,10.471,11.145
"foc1","000rug","2011-09",10.858,9.556,11.605
"foc1","000rug","2011-10",11.56,9.306,14.268
"foc1","000rug","2011-11",11.83,10.848,14.182
"foc1","000rug","2011-12",12.175,11.289,12.896
"foc1","000rug","2012-01",13.768,12.414,15.305
"foc1","000rug","2012-02",13.42,11.339,14.701
"foc1","000rug","2012-03",12.765,11.295,14.744
"foc1","000rug","2012-04",11.365,9.894,13.161
"foc1","000rug","2012-05",10.3,8.821,12.253
"foc1","000rug","2012-06",9.066,7.291,12.475
"foc1","000rug","2012-07",8.634,7.123,12.295
"foc1","000rug","2012-08",9.442,7.748,11.892
"foc1","000rug","2012-09",10.469,8.575,15.004
"foc1","000rug","2012-10",11.194,9.383,12.894
"foc1","000rug","2012-11",11.159,9.756,12.916
"foc1","000rug","2012-12",11.399,10.848,12.603
"foc1","000rug","2013-01",13.306,11.98,14.965
"foc1","000rug","2013-02",13.624,11.827,14.6
"foc1","000rug","2013-03",13.195,12.36,14.17
"foc1","000rug","2013-04",12.767,11.906,14.016
"foc1","000rug","2013-05",11.169,10.152,12.707
"foc1","000rug","2013-06",9.747,8.16,11.265
"foc1","000rug","2013-07",9.473,8.23,11.05
"foc1","000rug","2013-08",9.862,8.55,11.806
"foc1","000rug","2013-09",11.376,9.857,13.611
"foc1","000rug","2013-10",11.915,10.838,13.482
"foc1","000rug","2013-11",15.6715,12.079,30.989
"foc1","000rug","2013-12",17.527,13.878,29.097
"foc2","000rug","2012-01",13.998,12.637,15.44
"foc2","000rug","2012-02",13.849,12.321,15.355
"foc2","000rug","2012-03",13.36,12.19,14.588
"foc2","000rug","2012-04",13.05,12.044,14.109
"foc2","000rug","2012-05",12.145,11.013,13.445
"foc2","000rug","2012-06",10.777,9.387,13.851
"foc2","000rug","2012-07",10.04,8.407,12.404
"foc2","000rug","2012-08",10.61,9.433,11.976
"foc2","000rug","2012-09",11.434,10.262,14.255
"foc2","000rug","2012-10",12.328,10.789,13.466
"foc2","000rug","2012-11",12.459,11.853,13.082
"foc2","000rug","2012-12",12.729,11.867,13.585
"foc2","000rug","2013-01",13.648,12.694,14.8
"foc2","000rug","2013-02",13.775,12.545,15.168
"foc2","000rug","2013-03",13.356,12.302,13.988
"foc2","000rug","2013-04",13.213,12.392,14.093
"foc2","000rug","2013-05",11.548,10.246,13.07
"foc2","000rug","2013-06",9.973,8.907,11.168
"foc2","000rug","2013-07",9.615,8.545,10.857
"foc2","000rug","2013-08",10.325,9.26,12.246
"foc2","000rug","2013-09",11.98,10.611,13.8
"foc2","000rug","2013-10",12.02,10.614,13.321
"foc2","000rug","2013-11",12.7235,11.879,14.181
"foc2","000rug","2013-12",12.875,12.288,13.98
"foc3","000rug","2012-01",14.587,13.128,16.076
"foc3","000rug","2012-02",14.2,12.086,15.855
"foc3","000rug","2012-03",13.386,12.378,15.049
"foc3","000rug","2012-04",12.099,10.977,13.806
"foc3","000rug","2012-05",11.105,9.751,13.001
"foc3","000rug","2012-06",9.744,8.126,13.947
"foc3","000rug","2012-07",9.113,7.617,12.649
"foc3","000rug","2012-08",9.796,8.212,11.776
"foc3","000rug","2012-09",10.743,9.354,14.601
"foc3","000rug","2012-10",11.561,10.073,12.953
"foc3","000rug","2012-11",11.713,10.5,12.762
"foc3","000rug","2012-12",11.911,11.604,12.76
"foc4","000rug","2011-01",12.456,12.058,12.926
"foc4","000rug","2011-02",12.432,11.467,13.1
"foc4","000rug","2011-03",12.247,11.736,12.765
"foc4","000rug","2011-04",11.992,11.681,12.289
"foc4","000rug","2011-05",11.731,11.277,12.067
"foc4","000rug","2011-06",11.469,10.837,11.936
"foc4","000rug","2011-07",11.307,10.847,11.742
"foc4","000rug","2011-08",11.425,10.927,11.632
"foc4","000rug","2011-09",11.335,10.104,12.098
"foc4","000rug","2011-10",12.066,9.69,14.933
"foc4","000rug","2011-11",12.337,11.33,14.709
"foc4","000rug","2011-12",12.744,11.79,13.574
"foc4","000rug","2012-01",13.779,11.933,15.364
"foc4","000rug","2012-02",13.549,11.006,15.389
"foc4","000rug","2012-03",12.6,11.222,14.469
"foc4","000rug","2012-04",11.314,10.014,13.261
"foc4","000rug","2012-05",10.294,9.136,11.344
"foc4","000rug","2012-06",9.154,8.106,11.731
"foc4","000rug","2012-07",8.632,7.586,10.613
"foc4","000rug","2012-08",9.522,7.672,12.156
"foc4","000rug","2012-09",10.717,9.114,15.595
"foc4","000rug","2012-10",11.722,10.086,13.4
"foc4","000rug","2012-11",11.848,10.369,13.58
"foc4","000rug","2012-12",11.943,11.425,13.216
"foc5","000rug","2012-01",11.919,10.814,13.418
"foc5","000rug","2012-02",11.719,10.436,13.326
"foc5","000rug","2012-03",11.596,10.834,12.675
"foc5","000rug","2012-04",10.754,9.637,11.695
"foc5","000rug","2012-05",9.958,8.514,11.356
"foc5","000rug","2012-06",8.503,6.732,11.962
"foc5","000rug","2012-07",8.054,6.297,11.517
"foc5","000rug","2012-08",8.842,7.059,11.195
"foc5","000rug","2012-09",9.906,7.987,14.601
"foc5","000rug","2012-10",10.797,9.084,12.504
"foc5","000rug","2012-11",10.877,9.564,12.319
"foc5","000rug","2012-12",11.004,10.264,12.4095
"foc5","000rug","2013-01",11.984,10.7,13.686
"foc5","000rug","2013-02",12.203,10.955,13.708
"foc5","000rug","2013-03",11.138,10.408,11.814
"foc5","000rug","2013-04",10.855,10.039,11.983
"foc5","000rug","2013-05",9.329,8.137,10.877
"foc5","000rug","2013-06",7.713,6.152,10.759
"foc5","000rug","2013-07",7.411,5.217,10.106
"foc5","000rug","2013-08",7.731,5.791,11.09
"foc5","000rug","2013-09",9.111,7.206,11.511
"foc5","000rug","2013-10",9.145,7.913,11.254
"foc5","000rug","2013-11",10.01,8.686,11.08
"foc5","000rug","2013-12",9.774,8.792,10.818
"foc6","000rad","2012-01",14.08,13.098,14.601
"foc6","000rad","2012-02",13.553,12.399,14.561
"foc6","000rad","2012-03",13.584,12.803,14.26
"foc6","000rad","2012-04",12.827,11.662,14.157
"foc6","000rad","2012-05",12.064,10.982,12.854
"foc6","000rad","2012-06",11.676,10.688,12.358
"foc6","000rad","2012-07",11.322,10.449,12.264
"foc6","000rad","2012-08",11.478,10.558,12.107
"foc6","000rad","2012-09",12.035,11.197,12.709
"foc6","000rad","2012-10",13.036,11.948,14.414
"foc6","000rad","2012-11",12.999,12.109,13.827
"foc6","000rad","2012-12",13.13,12.261,14.211
"foc6","000rad","2013-01",14.257,13.213,15.777
"foc6","000rad","2013-02",14.423,12.906,16.143
"foc6","000rad","2013-03",13.524,12.288,14.178
"foc6","000rad","2013-04",13.391,12.722,14.292
"foc6","000rad","2013-05",12.05,10.874,13.449
"foc6","000rad","2013-06",10.502,9.714,11.523
"foc6","000rad","2013-07",10.278,9.371,11.632
"foc6","000rad","2013-08",10.842,9.787,12.608
"foc6","000rad","2013-09",12.41,10.773,14.298
"foc6","000rad","2013-10",12.5075,11.021,14.3265
"foc6","000rad","2013-11",13.384,12.566,15.255
"foc6","000rad","2013-12",12.234,11.223,13.127
"foc6","000rad","2014-01",14.099,12.813,15.211
"foc6","000rad","2014-02",14.333,13.051,15.438
"foc6","000rad","2014-03",13.821,12.431,14.86
"fod1","000rug","2011-01",13.609,12.693,14.507
"fod1","000rug","2011-02",13.831,12.345,14.696
"fod1","000rug","2011-03",13.633,12.828,14.326
"fod1","000rug","2011-04",13.319,12.817,13.77
"fod1","000rug","2011-05",12.957,12.33,13.495
"fod1","000rug","2011-06",12.697,11.746,13.281
"fod1","000rug","2011-07",12.469,11.93,13.065
"fod1","000rug","2011-08",12.533,12.023,12.859
"fod1","000rug","2011-09",12.634,11.862,13.434
"fod1","000rug","2011-10",13.207,11.35,15.179
"fod1","000rug","2011-11",13.547,12.398,14.641
"fod1","000rug","2011-12",13.942,12.998,14.737
"fod1","000rug","2012-01",14.902,13.992,16.07
"fod1","000rug","2012-02",14.594,13.29,15.922
"fod1","000rug","2012-03",14.234,13.608,15.24
"fod1","000rug","2012-04",13.487,12.666,14.645
"fod1","000rug","2012-05",12.603,11.554,13.841
"fod1","000rug","2012-06",11.318,9.95,14.479
"fod1","000rug","2012-07",10.541,9.374,12.712
"fod1","000rug","2012-08",10.982,9.335,12.352
"fod1","000rug","2012-09",11.752,10.466,14.358
"fod1","000rug","2012-10",12.712,11.265,13.478
"fod1","000rug","2012-11",13.175,12.357,14.064
"fod1","000rug","2012-12",13.182,12.588,13.815
"fod2","000rug","2012-01",13.19,12.11,14.739
"fod2","000rug","2012-02",13.036,11.677,14.554
"fod2","000rug","2012-03",12.843,12.137,14.101
"fod2","000rug","2012-04",11.883,10.717,13.173
"fod2","000rug","2012-05",10.95,9.787,12.177
"fod2","000rug","2012-06",9.572,7.992,12.731
"fod2","000rug","2012-07",8.994,7.525,11.768
"fod2","000rug","2012-08",9.74,8.148,11.451
"fod2","000rug","2012-09",10.78,9.478,14.484
"fod2","000rug","2012-10",11.616,9.915,13.148
"fod2","000rug","2012-11",11.8285,10.716,13.0385
"fod2","000rug","2012-12",11.9885,11.361,13.1245
"fod2","000rug","2013-01",13.09,11.613,14.845
"fod2","000rug","2013-02",13.341,11.928,14.906
"fod2","000rug","2013-03",12.294,11.427,13.025
"fod2","000rug","2013-04",11.899,11.031,13.084
"fod2","000rug","2013-05",10.231,9.183,11.909
"fod2","000rug","2013-06",8.633,7.517,10.068
"fod2","000rug","2013-07",8.367,6.892,10.219
"fod2","000rug","2013-08",8.828,7.673,11.076
"fod2","000rug","2013-09",10.271,8.758,12.592
"fod2","000rug","2013-10",10.71,9.739,12.085
"fod2","000rug","2013-11",11.559,10.196,12.561
"fod2","000rug","2013-12",11.211,10.387,12.31
"fod3","000rug","2012-01",16.418,14.629,18.18
"fod3","000rug","2012-02",15.938,13.35,18.016
"fod3","000rug","2012-03",15.028,13.788,16.962
"fod3","000rug","2012-04",13.625,12.454,15.645
"fod3","000rug","2012-05",12.39,11.469,13.579
"fod3","000rug","2012-06",11.002,9.625,14.15
"fod3","000rug","2012-07",10.113,8.964,11.828
"fod3","000rug","2012-08",10.762,9.489,12.129
"fod3","000rug","2012-09",11.704,10.577,14.459
"fod3","000rug","2012-10",13.028,11.061,14.84
"fod3","000rug","2012-11",13.38,12.226,14.429
"fod3","000rug","2012-12",13.403,12.502,14.117
"fod3","000rug","2013-01",14.255,12.878,16.432
"fod3","000rug","2013-02",14.489,13.068,16.048
"fod3","000rug","2013-03",13.905,13.28,14.827
"fod3","000rug","2013-04",13.461,12.547,14.408
"fod3","000rug","2013-05",11.881,11.132,12.988
"fod3","000rug","2013-06",10.174,8.801,11.573
"fod3","000rug","2013-07",9.736,8.662,10.765
"fod3","000rug","2013-08",10.336,9.215,12.094
"fod3","000rug","2013-09",11.93,10.612,14.331
"fod3","000rug","2013-10",12.561,11.213,14.042
"fod3","000rug","2013-11",13.711,12.022,14.792
"fod3","000rug","2013-12",13.175,11.855,14.407
"fod3","000rug","2014-01",14.43,13.236,15.065
"fod3","000rug","2014-02",13.833,12.387,15.296
"fod3","000rug","2014-03",13.5655,12.3595,14.9185
"fod3","000rug","2014-04",13.016,12.2,14.059
"fod4","000rug","2012-01",12.344,11.107,13.876
"fod4","000rug","2012-02",12.626,11.455,13.71
"fod4","000rug","2012-03",12.692,11.508,13.962
"fod4","000rug","2012-04",11.929,10.813,12.864
"fod4","000rug","2012-05",11.111,9.756,12.279
"fod4","000rug","2012-06",9.731,8.415,12.421
"fod4","000rug","2012-07",8.947,7.876,10.836
"fod4","000rug","2012-08",9.256,7.236,10.873
"fod4","000rug","2012-09",10.126,8.425,13.067
"fod4","000rug","2012-10",11.186,9.148,12.421
"fod4","000rug","2012-11",11.863,10.905,12.901
"fod4","000rug","2012-12",11.8445,10.9245,12.5655
"fod4","000rug","2013-01",12.504,11.052,14.377
"fod4","000rug","2013-02",13.041,10.885,13.819
"fod4","000rug","2013-03",12.757,11.827,13.962
"fod4","000rug","2013-04",12.126,11.174,13.309
"fod4","000rug","2013-05",10.478,9.528,11.856
"fod4","000rug","2013-06",8.894,7.248,10.317
"fod4","000rug","2013-07",8.429,7.332,9.931
"fod4","000rug","2013-08",8.998,7.848,10.442
"fod4","000rug","2013-09",10.461,9.038,12.835
"fod4","000rug","2013-10",10.644,8.841,11.617
"fod4","000rug","2013-11",12.482,10.677,13.512
"fod4","000rug","2013-12",11.552,10.035,12.864
"fod4","000rug","2014-01",12.911,11.258,14.858
"fod4","000rug","2014-02",12.902,11.231,14.106
"fod5","000rug","2012-01",13.367,12.213,14.862
"fod5","000rug","2012-02",13.475,12.401,14.666
"fod5","000rug","2012-03",13.315,12.186,14.716
"fod5","000rug","2012-04",12.538,11.443,13.536
"fod5","000rug","2012-05",11.69,10.515,12.833
"fod5","000rug","2012-06",10.366,9.151,12.914
"fod5","000rug","2012-07",9.548,8.426,11.105
"fod5","000rug","2012-08",9.946,7.983,11.4
"fod5","000rug","2012-09",10.792,9.382,13.349
"fod5","000rug","2012-10",12.202,10.272,13.278
"fod5","000rug","2012-11",12.819,11.883,13.712
"fod5","000rug","2012-12",12.8445,12.132,13.518
"fod5","000rug","2013-01",13.591,12.3,15.318
"fod5","000rug","2013-02",13.879,11.803,14.98
"fod5","000rug","2013-03",13.501,12.546,14.699
"fod5","000rug","2013-04",12.835,11.918,14.066
"fod5","000rug","2013-05",11.196,10.239,12.554
"fod5","000rug","2013-06",9.689,8.202,11.013
"fod5","000rug","2013-07",9.277,8.308,10.512
"fod5","000rug","2013-08",9.808,8.775,11.38
"fod5","000rug","2013-09",11.309,9.856,13.633
"fod5","000rug","2013-10",11.664,10.091,12.798
"fod5","000rug","2013-11",13.213,11.634,14.483
"fod5","000rug","2013-12",12.622,11.365,13.696
"fod5","000rug","2014-01",13.641,12.018,15.079
"fod5","000rug","2014-02",13.261,12.211,15.06
"fpd1","000rug","2012-01",12.064,10.487,13.714
"fpd1","000rug","2012-02",11.597,9.322,13.461
"fpd1","000rug","2012-03",10.785,9.693,12.486
"fpd1","000rug","2012-04",9.449,8.285,11.262
"fpd1","000rug","2012-05",8.373,6.654,9.679
"fpd1","000rug","2012-06",7.36,5.72,9.832
"fpd1","000rug","2012-07",7.618,5.621,10.081
"fpd1","000rug","2012-08",8.018,6.001,10.007
"fpd1","000rug","2012-09",8.894,6.813,12.39
"fpd1","000rug","2012-10",9.486,7.919,10.83
"fpd1","000rug","2012-11",9.436,8.276,10.36
"fpd1","000rug","2012-12",9.474,8.653,10.437
"fpd2","000rug","2012-01",10.385,9.139,11.805
"fpd2","000rug","2012-02",9.965,8.452,11.254
"fpd2","000rug","2012-03",9.877,9.093,10.782
"fpd2","000rug","2012-04",9.565,8.168,10.894
"fpd2","000rug","2012-05",9.004,7.521,10.048
"fpd2","000rug","2012-06",7.643,5.238,10.467
"fpd2","000rug","2012-07",7.462,5.194,10.406
"fpd2","000rug","2012-08",8.213,5.825,10.472
"fpd2","000rug","2012-09",9.134,6.936,13.175
"fpd2","000rug","2012-10",9.681,8.139,11.326
"fpd2","000rug","2012-11",9.658,8.086,10.851
"fpd2","000rug","2012-12",9.5685,8.623,11.1915
"fpd2","000rug","2013-01",10.331,8.943,11.839
"fpd2","000rug","2013-02",10.235,9.161,11.932
"fpd2","000rug","2013-03",9.591,8.501,10.415
"fpd2","000rug","2013-04",9.716,8.99,10.826
"fpd2","000rug","2013-05",8.479,6.54,10.095
"fpd2","000rug","2013-06",7.289,5.521,9.846
"fpd2","000rug","2013-07",7.357,5.682,9.482
"fpd2","000rug","2013-08",7.358,5.226,10.949
"fpd2","000rug","2013-09",9.1415,6.74,11.99
"fpd2","000rug","2013-10",8.986,7.837,11.365
"fpd2","000rug","2013-11",9.76,8.441,10.791
"fpd2","000rug","2013-12",9.277,7.895,10.247
"fpd2","000rug","2014-01",9.8305,8.8425,11.265
"fpd3","000rug","2012-01",13.281,11.739,14.902
"fpd3","000rug","2012-02",12.779,10.569,14.74
"fpd3","000rug","2012-03",12.054,10.888,13.671
"fpd3","000rug","2012-04",10.77,8.869,12.652
"fpd3","000rug","2012-05",9.596,7.996,10.894
"fpd3","000rug","2012-06",8.366,6.488,11.435
"fpd3","000rug","2012-07",7.934,6.395,11.35
"fpd3","000rug","2012-08",8.374,6.479,11.067
"fpd3","000rug","2012-09",9.346,7.411,14.324
"fpd3","000rug","2012-10",10.187,8.105,12.351
"fpd3","000rug","2012-11",10.399,9.438,11.597
"fpd3","000rug","2012-12",10.287,9.568,11.123
"fpd3","000rug","2013-01",10.986,9.586,12.836
"fpd3","000rug","2013-02",11.226,9.669,13.331
"fpd3","000rug","2013-03",10.756,9.934,11.578
"fpd3","000rug","2013-04",10.382,9.7,11.349
"fpd3","000rug","2013-05",9.053,7.842,10.561
"fpd3","000rug","2013-06",7.801,6.185,10.645
"fpd3","000rug","2013-07",7.702,5.531,10.505
"fpd3","000rug","2013-08",8.088,5.944,12.186
"fpd3","000rug","2013-09",9.652,7.649,12.487
"fpd3","000rug","2013-10",9.598,8.019,11.755
"fpd3","000rug","2013-11",10.553,8.856,11.567
"fpd3","000rug","2013-12",10.057,8.627,11.191
"fpd3","000rug","2014-01",10.682,9.316,12.498
"fpd3","000rug","2014-02",10.628,9.113,11.748
"fpd3","000rug","2014-03",10.3475,8.93,11.523
"fpd3","000rug","2014-04",9.794,8.551,11.352
"fpd4","000rug","2012-01",11.136,9.999,12.735
"fpd4","000rug","2012-02",11.008,9.516,11.949
"fpd4","000rug","2012-03",10.795,9.712,11.966
"fpd4","000rug","2012-04",10.321,8.856,11.399
"fpd4","000rug","2012-05",9.562,8.216,10.735
"fpd4","000rug","2012-06",8.324,6.592,11.611
"fpd4","000rug","2012-07",7.703,6.496,9.465
"fpd4","000rug","2012-08",8.073,6.342,10.021
"fpd4","000rug","2012-09",9.361,7.489,13.939
"fpd4","000rug","2012-10",10.158,8.181,12.178
"fpd4","000rug","2012-11",10.474,9.595,11.515
"fpd4","000rug","2012-12",10.4,9.745,11.202
"fpd4","000rug","2013-01",11.251,9.948,13.121
"fpd4","000rug","2013-02",11.409,10.079,13.044
"fpd4","000rug","2013-03",11.01,10.101,11.883
"fpd4","000rug","2013-04",10.536,9.762,11.592
"fpd4","000rug","2013-05",9.12,7.747,10.55
"fpd4","000rug","2013-06",7.779,6.004,10.707
"fpd4","000rug","2013-07",8.252,5.581,10.232
"fpd4","000rug","2013-08",8.569,7.015,10.778
"fpd4","000rug","2013-09",9.693,8.203,11.603
"fpd4","000rug","2013-10",9.477,8.343,10.74
"fpd4","000rug","2013-11",10.437,8.89,11.468
"fpd4","000rug","2013-12",10,9.049,10.798
"fpd5","000rug","2012-01",12.016,11.01,13.509
"fpd5","000rug","2012-02",12.084,10.775,13.364
"fpd5","000rug","2012-03",12.113,10.975,13.371
"fpd5","000rug","2012-04",11.283,10.088,12.324
"fpd5","000rug","2012-05",10.617,9.428,11.876
"fpd5","000rug","2012-06",9.347,7.208,12.606
"fpd5","000rug","2012-07",8.827,6.789,13.326
"fpd5","000rug","2012-08",9.49,7.138,12.127
"fpd5","000rug","2012-09",10.568,8.474,15.738
"fpd5","000rug","2012-10",11.045,9.011,12.903
"fpd5","000rug","2012-11",10.998,9.787,12.052
"fpd5","000rug","2012-12",11.0475,9.906,11.9045
"fpd5","000rug","2013-01",11.779,10.411,13.912
"fpd5","000rug","2013-02",12.564,11.555,14.249
"fpd5","000rug","2013-03",12.0645,11.084,13.368
"fpd5","000rug","2013-04",11.602,10.416,12.73
"fpd5","000rug","2013-05",10.248,9.22,11.979
"fpd5","000rug","2013-06",9.283,6.177,13.158
"fpd5","000rug","2013-07",9.033,6.735,11.867
"fpd5","000rug","2013-08",8.976,6.768,13.755
"fpd5","000rug","2013-09",10.962,7.932,14.627
"fpd5","000rug","2013-10",10.646,9.23,12.8
"fpd5","000rug","2013-11",11.434,10.311,12.534
"fpd5","000rug","2013-12",10.9945,10.226,12.265
"fpd5","000rug","2014-01",12.346,10.878,15.504
"fpd5","000rug","2014-02",11.883,10.216,13.389
"fpd5","000rug","2014-03",11.81,10.781,13.422
"fpd5","000rug","2014-04",11.539,10.64,12.692
"fpo1","000rug","2012-01",11.458,10.308,12.734
"fpo1","000rug","2012-02",10.945,9.574,12.091
"fpo1","000rug","2012-03",10.3,8.956,11.967
"fpo1","000rug","2012-04",9.806,8.508,11
"fpo1","000rug","2012-05",8.997,7.564,10.179
"fpo1","000rug","2012-06",8.173,7.161,10.753
"fpo1","000rug","2012-07",8.017,7.167,9.277
"fpo1","000rug","2012-08",8.687,7.397,9.973
"fpo1","000rug","2012-09",9.312,7.165,13.457
"fpo1","000rug","2012-10",10.097,8.628,11.562
"fpo1","000rug","2012-11",10.056,8.772,11.369
"fpo1","000rug","2012-12",10.024,9.011,11.501
"fpo1","000rug","2013-01",10.828,9.766,12.477
"fpo1","000rug","2013-02",10.786,9.825,12.36
"fpo1","000rug","2013-03",9.952,9.214,10.705
"fpo1","000rug","2013-04",10.024,9.318,11.095
"fpo1","000rug","2013-05",8.775,7.052,10.419
"fpo1","000rug","2013-06",7.627,5.908,9.897
"fpo1","000rug","2013-07",7.751,6.06,9.808
"fpo1","000rug","2013-08",7.739,5.193,11.403
"fpo1","000rug","2013-09",9.338,7.403,11.713
"fpo1","000rug","2013-10",9.376,7.342,11.692
"fpo1","000rug","2013-11",9.951,9.039,11.131
"fpo1","000rug","2013-12",9.883,9.211,11.027
"fpo2","000rug","2012-01",11.492,10.21,12.783
"fpo2","000rug","2012-02",11.165,9.393,12.743
"fpo2","000rug","2012-03",10.526,9.443,11.894
"fpo2","000rug","2012-04",9.399,8.505,11.078
"fpo2","000rug","2012-05",8.458,7.621,9.215
"fpo2","000rug","2012-06",7.53,6.676,9.287
"fpo2","000rug","2012-07",7.053,6.162,8.115
"fpo2","000rug","2012-08",7.678,6.682,8.763
"fpo2","000rug","2012-09",8.631,7.392,10.338
"fpo2","000rug","2012-10",9.697,8.385,11.197
"fpo2","000rug","2012-11",9.898,8.603,10.974
"fpo2","000rug","2012-12",9.8375,9.084,11.2175
"fpo2","000rug","2013-01",10.702,9.561,12.149
"fpo2","000rug","2013-02",10.768,9.854,12.134
"fpo2","000rug","2013-03",9.944,9.15,10.606
"fpo2","000rug","2013-04",9.855,9.147,11.009
"fpo2","000rug","2013-05",8.581,6.936,10.066
"fpo2","000rug","2013-06",7.456,5.515,10.128
"fpo2","000rug","2013-07",7.509,5.932,9.729
"fpo2","000rug","2013-08",7.512,5.415,10.932
"fpo2","000rug","2013-09",9.3555,7.192,12.034
"fpo2","000rug","2013-10",9.483,8.36,12.45
"fpo2","000rug","2013-11",10.2415,9.0245,11.3685
"fpo2","000rug","2013-12",9.8525,8.507,11.1625
"fpo3","000rug","2012-01",10.123,8.986,11.377
"fpo3","000rug","2012-02",9.905,8.745,11.145
"fpo3","000rug","2012-03",9.779,9.063,10.482
"fpo3","000rug","2012-04",9.304,8.068,10.398
"fpo3","000rug","2012-05",8.609,7.073,9.689
"fpo3","000rug","2012-06",7.351,5.348,10.035
"fpo3","000rug","2012-07",7.284,5.035,9.763
"fpo3","000rug","2012-08",8.003,5.833,10.143
"fpo3","000rug","2012-09",9.01,6.834,12.684
"fpo3","000rug","2012-10",9.474,7.92,10.773
"fpo3","000rug","2012-11",9.396,8.091,10.457
"fpo3","000rug","2012-12",9.3795,8.6065,10.7805
"fpo3","000rug","2013-01",10.242,9.151,11.695
"fpo3","000rug","2013-02",10.388,9.407,11.898
"fpo3","000rug","2013-03",9.619,8.889,10.346
"fpo3","000rug","2013-04",9.557,8.838,10.715
"fpo3","000rug","2013-05",8.344,6.402,10.158
"fpo3","000rug","2013-06",7.347,5.16,10.11
"fpo3","000rug","2013-07",7.341,5.663,9.036
"fpo3","000rug","2013-08",7.148,4.875,10.774
"fpo3","000rug","2013-09",9.0405,6.744,12.049
"fpo3","000rug","2013-10",9.2015,8.0525,12.3745
"fpo3","000rug","2013-11",9.8475,8.513,11.115
"fpo3","000rug","2013-12",9.4235,8.072,10.8005
"fpo4","000rug","2012-01",13.45,11.891,15.036
"fpo4","000rug","2012-02",12.962,10.685,14.895
"fpo4","000rug","2012-03",12.189,11.082,13.9
"fpo4","000rug","2012-04",10.926,9.262,12.777
"fpo4","000rug","2012-05",9.805,8.525,10.955
"fpo4","000rug","2012-06",8.464,6.763,11.515
"fpo4","000rug","2012-07",7.865,6.465,10.816
"fpo4","000rug","2012-08",8.366,6.842,10.233
"fpo4","000rug","2012-09",9.41,8.129,12.869
"fpo4","000rug","2012-10",10.375,8.644,11.882
"fpo4","000rug","2012-11",10.679,9.734,11.665
"fpo4","000rug","2012-12",10.683,10.018,11.409
"fpo4","000rug","2013-01",11.405,10.077,12.968
"fpo4","000rug","2013-02",11.592,10.313,12.926
"fpo4","000rug","2013-03",11.168,10.393,11.865
"fpo4","000rug","2013-04",10.741,9.909,11.738
"fpo4","000rug","2013-05",9.286,8.177,10.58
"fpo4","000rug","2013-06",7.764,6.064,10.035
"fpo4","000rug","2013-07",7.53,5.766,9.809
"fpo4","000rug","2013-08",7.96,6.142,11.22
"fpo4","000rug","2013-09",9.564,7.571,12.319
"fpo4","000rug","2013-10",9.802,8.577,11.478
"fpo4","000rug","2013-11",10.852,9.434,11.903
"fpo4","000rug","2013-12",10.453,9.391,11.528
"fpo4","000rug","2014-01",11.376,10.264,12.53
"fpo4","000rug","2014-02",11.085,9.632,12.075
"fpo4","000rug","2014-03",10.86,9.7365,11.8295
"fpo4","000rug","2014-04",10.272,9.238,11.347
"fpo5","000rug","2012-01",11.802,10.387,13.259
"fpo5","000rug","2012-02",11.694,10.372,12.615
"fpo5","000rug","2012-03",11.598,10.538,12.706
"fpo5","000rug","2012-04",10.844,9.733,11.694
"fpo5","000rug","2012-05",10.09,8.98,11.285
"fpo5","000rug","2012-06",8.808,7.191,11.991
"fpo5","000rug","2012-07",8.055,6.526,11.254
"fpo5","000rug","2012-08",8.596,6.954,10.881
"fpo5","000rug","2012-09",9.729,8.418,13.71
"fpo5","000rug","2012-10",10.68,8.923,12.224
"fpo5","000rug","2012-11",10.877,9.83,11.914
"fpo5","000rug","2012-12",11.0665,10.027,12.048
"fpo5","000rug","2013-01",11.81,10.593,13.363
"fpo5","000rug","2013-02",12.258,11.235,13.427
"fpo5","000rug","2013-03",11.659,10.95,12.767
"fpo5","000rug","2013-04",11.12,10.127,12.106
"fpo5","000rug","2013-05",9.63,8.75,10.531
"fpo5","000rug","2013-06",8.466,6.208,11.378
"fpo5","000rug","2013-07",8.165,6.547,10.134
"fpo5","000rug","2013-08",8.364,6.517,12.491
"fpo5","000rug","2013-09",9.982,7.515,13.09
"fpo5","000rug","2013-10",10.167,8.835,11.927
"fpo5","000rug","2013-11",11.276,10.065,12.324
"fpo5","000rug","2013-12",10.974,10.236,12.034
"fpo5","000rug","2014-01",12.167,10.428,15.167
"fpo5","000rug","2014-02",11.776,10.347,13.138
"fpo5","000rug","2014-03",11.678,10.739,12.79
"fpo5","000rug","2014-04",11.275,10.475,12.326
"gra1","000rug","2011-01",18.636,17.108,20.45
"gra1","000rug","2011-02",18.475,15.733,20.721
"gra1","000rug","2011-03",17.939,16.568,19.321
"gra1","000rug","2011-04",17.128,15.96,18.042
"gra1","000rug","2011-05",16.225,15.393,17.756
"gra1","000rug","2011-06",15.175,13.836,17.622
"gra1","000rug","2011-07",14.273,12.633,15.6
"gra1","000rug","2011-08",14.607,13.302,15.857
"gra1","000rug","2011-09",15.569,13.691,17.464
"gra1","000rug","2011-10",16.496,14.09,18.877
"gra1","000rug","2011-11",17.352,15.595,18.351
"gra1","000rug","2011-12",17.901,16.466,19.418
"gra1","000rug","2012-01",18.917,17.429,20.535
"gra1","000rug","2012-02",18.661,16.114,21.224
"gra1","000rug","2012-03",18.177,16.624,19.605
"gra1","000rug","2012-04",16.833,15.437,18.854
"gra1","000rug","2012-05",15.458,14.078,16.53
"gra1","000rug","2012-06",14.353,13.022,15.818
"gra1","000rug","2012-07",13.622,12.098,15.432
"gra1","000rug","2012-08",14.164,12.806,15.215
"gra1","000rug","2012-09",15.304,13.415,16.82
"gra1","000rug","2012-10",16.81,14.948,18.331
"gra1","000rug","2012-11",16.951,14.947,18.089
"gra1","000rug","2012-12",17.371,15.844,18.977
"gra1","000wxt","2013-01",17.787,16.293,19.1
"gra1","000wxt","2013-02",18.142,16.042,19.83
"gra1","000wxt","2013-03",17.4,15.924,18.371
"gra1","000wxt","2013-04",16.907,15.59,18.172
"gra1","000wxt","2013-05",15.262,14.082,16.128
"gra1","000wxt","2013-06",13.653,12.297,14.849
"gra1","000wxt","2013-07",13.256,12.3,14.437
"gra1","000wxt","2013-08",13.734,12.639,14.853
"gra1","000wxt","2013-09",15.357,14.117,17.436
"gra1","000wxt","2013-10",16.152,15.067,17.813
"gra1","000wxt","2013-11",16.794,14.868,18.465
"gra1","000wxt","2013-12",17.053,15.981,18.357
"gra1","000wxt","2014-01",16.846,6.979,18.448
"gra2","000rug","2011-01",20.154,18.487,22.283
"gra2","000rug","2011-02",19.839,16.58,21.78
"gra2","000rug","2011-03",19.135,17.36,20.815
"gra2","000rug","2011-04",17.976,16.92,18.929
"gra2","000rug","2011-05",17.007,15.814,18.349
"gra2","000rug","2011-06",15.787,14.171,18.05
"gra2","000rug","2011-07",14.698,12.553,16.052
"gra2","000rug","2011-08",15.192,13.669,16.255
"gra2","000rug","2011-09",16.648,14.643,18.496
"gra2","000rug","2011-10",17.528,14.845,20.654
"gra2","000rug","2011-11",18.66,17.351,19.777
"gra2","000rug","2011-12",18.943,17.492,20.216
"gra2","000rug","2012-01",21.54,19.59,24
"gra2","000rug","2012-02",20.839,18.507,22.387
"gra2","000rug","2012-03",19.939,18.236,21.463
"gra2","000rug","2012-04",18.024,16.391,19.8
"gra2","000rug","2012-05",16.881,14.765,18.494
"gra2","000rug","2012-06",14.641,12.085,19.992
"gra2","000rug","2012-07",13.495,11.172,18.471
"gra2","000rug","2012-08",14.634,12.012,18.128
"gra2","000rug","2012-09",16.384,13.951,23.011
"gra2","000rug","2012-10",17.984,15.307,20.338
"gra2","000rug","2012-11",18.391,16.467,19.829
"gra2","000rug","2012-12",18.675,17.485,19.918
"gra4","000rug","2011-01",23.575,22.099,25.852
"gra4","000rug","2011-02",23.53,19.58,25.916
"gra4","000rug","2011-03",22.385,20.032,24.46
"gra4","000rug","2011-04",21.22,19.797,22.367
"gra4","000rug","2011-05",20.116,18.809,21.487
"gra4","000rug","2011-06",19.406,17.495,21.368
"gra4","000rug","2011-07",18.774,17.343,19.832
"gra4","000rug","2011-08",19.12,17.913,19.931
"gra4","000rug","2011-09",20.111,18.007,21.436
"gra4","000rug","2011-10",20.705,17.826,23.446
"gra4","000rug","2011-11",21.527,19.725,23.26
"gra4","000rug","2011-12",22.21,19.988,23.634
"gra4","000rug","2012-01",24.163,22.742,26.037
"gra4","000rug","2012-02",23.764,21.274,25.232
"gra4","000rug","2012-03",22.74,20.813,24.268
"gra4","000rug","2012-04",20.509,18.775,22.965
"gra4","000rug","2012-05",19.332,17.361,20.422
"gra4","000rug","2012-06",18.322,17.083,19.518
"gra4","000rug","2012-07",17.56,16.046,19.084
"gra4","000rug","2012-08",18.238,16.545,19.628
"gra4","000rug","2012-09",19.241,17.472,20.828
"gra4","000rug","2012-10",20.863,18.178,22.772
"gra4","000rug","2012-11",21.075,18.42,22.281
"gra4","000rug","2012-12",21.106,19.444,22.263
"gra4","000rug","2013-01",22.753,21.27,24.487
"gra4","000rug","2013-02",23.137,20.891,24.677
"gra4","000rug","2013-03",21.8,20.4455,23.3215
"gra4","000rug","2013-04",20.8285,18.6535,22.1985
"gra4","000rug","2013-05",19.1185,17.484,20.3235
"gra4","000rug","2013-06",17.7575,16.358,19.5505
"gra4","000rug","2013-07",17.277,15.9,18.667
"gra4","000rug","2013-08",17.037,15.193,18.712
"gra4","000rug","2013-09",19.279,17.619,22.017
"gra4","000rug","2013-10",20.674,19.275,22.397
"gra4","000rug","2013-11",21.552,17.484,22.87
"gra4","000rug","2013-12",21.238,19.721,22.594
"gra4","000rug","2014-01",23.012,21.815,23.539
"gra4","000rug","2014-02",21.971,19.125,24.437
"gra4","000rug","2014-03",21.804,20.139,23.023
"gra4","000rug","2014-04",20.707,19.029,22.149
"gra5","000rug","2011-01",23.032,21.883,24.951
"gra5","000rug","2011-02",22.866,18.99,24.998
"gra5","000rug","2011-03",22.196,20.216,23.974
"gra5","000rug","2011-04",21.291,20.252,22.392
"gra5","000rug","2011-05",20.278,18.571,21.579
"gra5","000rug","2011-06",19.388,16.941,21.223
"gra5","000rug","2011-07",18.623,17.099,20.144
"gra5","000rug","2011-08",18.913,17.25,19.725
"gra5","000rug","2011-09",19.721,17.317,21.512
"gra5","000rug","2011-10",20.396,16.939,23.688
"gra5","000rug","2011-11",21.68,20.044,23.116
"gra5","000rug","2011-12",23.259,20.323,24.876
"gra5","000rug","2012-01",24.445,22.741,27.135
"gra5","000rug","2012-02",24.144,21.875,25.551
"gra5","000rug","2012-03",23.193,21.318,24.626
"gra5","000rug","2012-04",21.424,19.578,23.689
"gra5","000rug","2012-05",20.401,18.134,21.851
"gra5","000rug","2012-06",19.34,17.643,20.709
"gra5","000rug","2012-07",18.369,16.289,20.147
"gra5","000rug","2012-08",18.935,17.379,20.272
"gra5","000rug","2012-09",19.952,17.868,21.576
"gra5","000rug","2012-10",21.159,18.717,23.171
"gra5","000rug","2012-11",21.484,18.226,23.425
"gra5","000rug","2012-12",21.768,20.304,23.29
"gra5","000rug","2013-01",22.433,20.684,24.361
"gra5","000rug","2013-02",23.049,20.482,24.6505
"gra5","000rug","2013-03",22.512,21.384,23.769
"gra5","000rug","2013-04",21.831,19.918,23.308
"gra5","000rug","2013-05",20.009,17.732,21.464
"gra5","000rug","2013-06",18.524,16.778,20.456
"gra5","000rug","2013-07",18.118,16.67,19.52
"gra5","000rug","2013-08",18.093,16.04,20.006
"gra5","000rug","2013-09",20.215,18.004,22.649
"gra5","000rug","2013-10",21.404,19.669,23.095
"gra5","000rug","2013-11",21.792,18.03,23.404
"gra5","000rug","2013-12",21.093,19.98,22.44
"gra5","000rug","2014-01",23.054,21.43,24.521
"gra5","000rug","2014-02",22.1025,19.8665,24.649
"gra5","000rug","2014-03",22.043,20.2915,23.218
"gra5","000rug","2014-04",21.269,19.415,22.667
"hel2","000rug","2012-01",6.222,4.662,8.009
"hel2","000rug","2012-02",5.605,3.182,7.249
"hel2","000rug","2012-03",5.164,3.833,6.195
"hel2","000rug","2012-04",3.749,2.342,5.492
"hel2","000rug","2012-05",2.696,1.336,4.329
"hel2","000rug","2012-06",3.296,1.311,5.475
"hel2","000rug","2012-07",3.379,0.493,6.794
"hel2","000rug","2012-08",3.868,1.195,6.681
"hel2","000rug","2012-09",4.621,2.212,7.186
"hel2","000rug","2012-10",5.18,3.913,7.525
"hel2","000rug","2012-11",5.187,3.655,6.333
"hel2","000rug","2012-12",4.933,3.438,6.005
"hel3","000rug","2012-01",5.481,3.147,9.841
"hel3","000rug","2012-02",4.451,2.751,6.703
"hel3","000rug","2012-03",4.167,2.672,6.063
"hel3","000rug","2012-04",4.208,2.421,6.606
"hel3","000rug","2012-05",2.607,0.659,4.348
"hel3","000rug","2012-06",0.514,-2.972,5.031
"hel3","000rug","2012-07",-0.395,-3.655,4.206
"hel3","000rug","2012-08",0.559,-2.711,3.921
"hel3","000rug","2012-09",2.159,-0.82,7.737
"hel3","000rug","2012-10",3.492,0.83,6.348
"hel3","000rug","2012-11",3.74,1.564,5.509
"hel3","000rug","2012-12",3.818,1.668,5.665
"hel4","000rug","2013-01",5.203,3.4,7.72
"hel4","000rug","2013-02",5.946,4.782,8.296
"hel4","000rug","2013-03",5.578,3.82,7.063
"hel4","000rug","2013-04",5.443,3.861,7.063
"hel4","000rug","2013-05",4.227,2.838,5.467
"hel4","000rug","2013-06",3.182,1.181,5.562
"hel4","000rug","2013-07",2.866,1.148,4.542
"hel4","000rug","2013-08",3.067,1.499,5.69
"hel4","000rug","2013-09",4.231,3.112,6.337
"hel4","000rug","2013-10",4.973,3.602,6.737
"hel4","000rug","2013-11",5.297,3.825,6.645
"hel4","000rug","2013-12",4.839,3.435,6.655
"hel4","000rug","2014-01",5.447,3.905,6.959
"hel5","000rug","2012-01",5.148,2.517,7.708
"hel5","000rug","2012-02",4.524,2.054,6.739
"hel5","000rug","2012-03",3.406,1.87,5.359
"hel5","000rug","2012-04",1.113,-0.302,3.527
"hel5","000rug","2012-05",-0.258,-1.677,0.817
"hel5","000rug","2012-06",-1.586,-3.207,0.716
"hel5","000rug","2012-07",-2.299,-3.748,-0.342
"hel5","000rug","2012-08",-1.152,-2.898,1.273
"hel5","000rug","2012-09",0.505,-1.559,3.212
"hel5","000rug","2012-10",2.614,-0.153,5.01
"hel5","000rug","2012-11",3.545,1.029,5.877
"hel5","000rug","2012-12",2.941,1.819,5.309
"hel5","000rug","2013-01",1.736,-0.517,3.073
"hel5","000rug","2013-02",1.946,0.493,3.82
"hel5","000rug","2013-03",3.096,0.813,4.029
"hel5","000rug","2013-04",4.028,3.102,5.23
"hel5","000rug","2013-05",5.162,4.091,6.515
"hel5","000rug","2013-06",6.166,4.185,8.155
"hel5","000rug","2013-07",6.49,5.018,7.467
"hel5","000rug","2013-08",6.253,4.227,8.117
"hel5","000rug","2013-09",4.785,2.355,6.535
"hel5","000rug","2013-10",3.798,2.377,5.2
"hel5","000rug","2013-11",3.402,1.954,6.242
"hel5","000rug","2013-12",3.182,1.945,4.853
"hom1","000rug","2011-01",18.869,17.457,21.329
"hom1","000rug","2011-02",18.855,15.17,20.808
"hom1","000rug","2011-03",18.13,16.965,19.393
"hom1","000rug","2011-04",17.158,15.91,17.936
"hom1","000rug","2011-05",16.173,15.444,17.129
"hom1","000rug","2011-06",15.169,13.711,17.422
"hom1","000rug","2011-07",14.226,12.77,15.363
"hom1","000rug","2011-08",14.64,13.536,15.413
"hom1","000rug","2011-09",16.037,14.285,17.638
"hom1","000rug","2011-10",17.004,14.302,19.562
"hom1","000rug","2011-11",17.736,15.717,18.932
"hom1","000rug","2011-12",18.025,16.447,19.281
"hom1","000rug","2012-01",20,18.566,21.74
"hom1","000rug","2012-02",19.547,17.25,21.595
"hom1","000rug","2012-03",18.986,17.313,20.353
"hom1","000rug","2012-04",17.526,16.167,19.614
"hom1","000rug","2012-05",16.222,14.971,17.233
"hom1","000rug","2012-06",15.125,13.77,16.519
"hom1","000rug","2012-07",14.428,13.048,16.189
"hom1","000rug","2012-08",15.186,13.652,16.258
"hom1","000rug","2012-09",16.53,14.326,18.101
"hom1","000rug","2012-10",17.87,15.795,19.553
"hom1","000rug","2012-11",17.913,15.593,19.618
"hom1","000rug","2012-12",18.369,16.896,19.89
"hom1","000rug","2013-01",18.802,17.091,20.75
"hom1","000rug","2013-02",18.985,17.258,20.593
"hom1","000rug","2013-03",18.314,17.337,19.212
"hom1","000rug","2013-04",18.066,17.124,19.565
"hom1","000rug","2013-05",16.209,14.6,18.235
"hom1","000rug","2013-06",14.525,12.416,16.619
"hom1","000rug","2013-07",14.379,12.482,16.654
"hom1","000rug","2013-08",14.661,12.555,18.066
"hom1","000rug","2013-09",16.678,14.479,19.458
"hom1","000rug","2013-10",16.945,15.118,19.696
"hom1","000rug","2013-11",18.277,16.925,19.66
"hom1","000rug","2013-12",17.947,16.472,19.799
"hom2","000rug","2011-01",22.841,21.131,25.22
"hom2","000rug","2011-02",22.451,18.523,24.428
"hom2","000rug","2011-03",21.927,20.436,23.415
"hom2","000rug","2011-04",21.087,19.594,22.061
"hom2","000rug","2011-05",19.992,19.073,21.614
"hom2","000rug","2011-06",18.997,17.616,20.786
"hom2","000rug","2011-07",18.279,16.831,19.429
"hom2","000rug","2011-08",18.617,17.139,19.801
"hom2","000rug","2011-09",19.712,17.72,21.857
"hom2","000rug","2011-10",20.644,17.884,22.94
"hom2","000rug","2011-11",21.332,19.931,22.902
"hom2","000rug","2011-12",21.587,19.826,23.195
"hom2","000rug","2012-01",22.684,21.602,24.056
"hom2","000rug","2012-02",21.969,19.97,24.136
"hom2","000rug","2012-03",22.261,20.625,23.795
"hom2","000rug","2012-04",20.866,19.016,23.255
"hom2","000rug","2012-05",19.559,17.85,20.85
"hom2","000rug","2012-06",18.692,17.519,19.396
"hom2","000rug","2012-07",18.147,16.612,19.643
"hom2","000rug","2012-08",18.924,17.114,20.076
"hom2","000rug","2012-09",20.23,18.702,22.47
"hom2","000rug","2012-10",21.87,19.64,23.417
"hom2","000rug","2012-11",21.774,18.94,23.966
"hom2","000rug","2012-12",21.865,20.17,23.497
"hom2","000rug","2013-01",22.726,20.515,24.419
"hom2","000rug","2013-02",23.298,21.333,24.883
"hom2","000rug","2013-03",21.776,19.558,23.943
"hom2","000rug","2013-04",20.659,19.361,22.182
"hom2","000rug","2013-05",19.196,18.33,20.37
"hom2","000rug","2013-06",17.945,16.501,19.414
"hom2","000rug","2013-07",17.9405,17.0915,19.1545
"hom2","000rug","2013-08",18.024,17.014,19.3645
"hom2","000rug","2013-09",19.1155,17.6425,20.477
"hom2","000rug","2013-10",19.965,18.424,21.5065
"hom2","000rug","2013-11",20.2985,18.1195,21.9505
"hom2","000rug","2013-12",20.243,19.141,21.323
"hom2","000rug","2014-01",22.402,21.042,23.214
"hom2","000rug","2014-02",21.328,19.61,23.628
"hom2","000rug","2014-03",21.325,20.114,22.537
"hom2","000rug","2014-04",20.189,19.237,21.722
"hom3","000rug","2011-01",15.423,14.806,16.111
"hom3","000rug","2011-02",15.314,13.75,16.363
"hom3","000rug","2011-03",15.066,14.242,15.85
"hom3","000rug","2011-04",14.693,14.19,15.161
"hom3","000rug","2011-05",14.263,13.552,14.815
"hom3","000rug","2011-06",13.954,13.257,14.679
"hom3","000rug","2011-07",13.571,11.547,14.749
"hom3","000rug","2011-08",14.074,12.96,15.021
"hom3","000rug","2011-09",15.464,13.441,17.274
"hom3","000rug","2011-10",16.559,14.334,19.109
"hom3","000rug","2011-11",17.415,15.638,18.794
"hom3","000rug","2011-12",17.828,16.235,19.254
"hom3","000rug","2012-01",20.057,17.947,21.972
"hom3","000rug","2012-02",19.34,17.212,21.211
"hom3","000rug","2012-03",18.463,16.972,20.193
"hom3","000rug","2012-04",16.296,15.043,18.322
"hom3","000rug","2012-05",15.097,13.77,16.101
"hom3","000rug","2012-06",13.856,12.409,15.453
"hom3","000rug","2012-07",13.193,11.992,14.736
"hom3","000rug","2012-08",14.204,12.703,16.151
"hom3","000rug","2012-09",15.705,14.111,18.125
"hom3","000rug","2012-10",17.352,14.636,19.611
"hom3","000rug","2012-11",17.782,14.776,19.624
"hom3","000rug","2012-12",17.708,15.976,19.09
"hom3","000rug","2013-01",19.161,17.352,21.214
"hom3","000rug","2013-02",19.197,17.557,21.193
"hom3","000rug","2013-03",17.733,16.612,19.966
"hom3","000rug","2013-04",16.618,14.647,17.997
"hom3","000rug","2013-05",14.805,13.848,15.631
"hom3","000rug","2013-06",13.125,11.693,14.362
"hom3","000rug","2013-07",12.832,11.529,13.86
"hom3","000rug","2013-08",13.468,12.067,15.172
"hom3","000rug","2013-09",16.017,14.097,19.189
"hom3","000rug","2013-10",17.289,15.488,19.185
"hom3","000rug","2013-11",18.181,14.835,20.004
"hom3","000rug","2013-12",17.595,16.112,19.611
"hom3","000rug","2014-01",19.9175,18.64,20.695
"hom3","000rug","2014-02",18.552,16.292,20.842
"hom3","000rug","2014-03",17.759,16.506,19.039
"hom3","000rug","2014-04",16.35,15.26,17.723
"hom4","000rug","2011-01",23.496,22.14,25.818
"hom4","000rug","2011-02",23.01,19.663,25.146
"hom4","000rug","2011-03",21.973,20.067,23.664
"hom4","000rug","2011-04",20.939,19.503,22.094
"hom4","000rug","2011-05",19.817,18.896,20.832
"hom4","000rug","2011-06",18.893,17.441,20.517
"hom4","000rug","2011-07",18.024,16.501,19.094
"hom4","000rug","2011-08",18.688,17.329,19.468
"hom4","000rug","2011-09",20.067,17.907,21.359
"hom4","000rug","2011-10",20.794,17.571,23.147
"hom4","000rug","2011-11",21.581,19.901,23.375
"hom4","000rug","2011-12",21.805,19.718,23.311
"hom4","000rug","2012-01",23.025,21.501,24.372
"hom4","000rug","2012-02",23.368,20.89,24.748
"hom4","000rug","2012-03",22.682,20.693,23.855
"hom4","000rug","2012-04",20.938,19.236,22.844
"hom4","000rug","2012-05",19.585,17.678,20.758
"hom4","000rug","2012-06",18.779,17.38,19.806
"hom4","000rug","2012-07",18.06,16.604,19.494
"hom4","000rug","2012-08",18.89,17.293,20.192
"hom4","000rug","2012-09",20.269,18.691,22.715
"hom4","000rug","2012-10",21.816,19.079,23.477
"hom4","000rug","2012-11",21.899,18.552,23.456
"hom4","000rug","2012-12",22.002,20.245,23.82
"hom4","000rug","2013-01",22.325,20.675,23.861
"hom4","000rug","2013-02",23.112,20.557,24.593
"hom4","000rug","2013-03",22.3285,20.862,23.9995
"hom4","000rug","2013-04",20.886,19.86,22.0955
"hom4","000rug","2013-05",19.5435,17.926,20.818
"hom4","000rug","2013-06",18.359,16.772,20.229
"hom4","000rug","2013-07",18.003,16.177,19.429
"hom4","000rug","2013-08",18.146,16.107,19.595
"hom4","000rug","2013-09",20.693,19.198,23.474
"hom4","000rug","2013-10",21.924,20.318,23.399
"hom4","000rug","2013-11",22.435,18.348,23.976
"hom4","000rug","2013-12",21.185,20.132,22.755
"hom4","000rug","2014-01",22.659,21.402,23.683
"hom4","000rug","2014-02",21.9715,19.203,24.102
"hom4","000rug","2014-03",22.162,20.406,23.275
"hom4","000rug","2014-04",21.222,19.598,22.851
"hom5","000rug","2011-01",21.937,20.585,23.508
"hom5","000rug","2011-02",21.367,17.74,23.223
"hom5","000rug","2011-03",20.467,18.316,22.268
"hom5","000rug","2011-04",19.495,18.365,20.608
"hom5","000rug","2011-05",18.298,17.406,19.713
"hom5","000rug","2011-06",17.432,15.914,19.06
"hom5","000rug","2011-07",16.497,14.914,18.123
"hom5","000rug","2011-08",16.901,15.23,17.713
"hom5","000rug","2011-09",17.858,15.611,19.577
"hom5","000rug","2011-10",18.702,15.794,21.224
"hom5","000rug","2011-11",19.494,18.089,21.037
"hom5","000rug","2011-12",20.221,17.599,21.178
"hom5","000rug","2012-01",22.135,20.656,24.478
"hom5","000rug","2012-02",22.106,19.932,23.632
"hom5","000rug","2012-03",21.654,19.889,23.03
"hom5","000rug","2012-04",19.451,17.942,21.704
"hom5","000rug","2012-05",18.077,16.207,19.253
"hom5","000rug","2012-06",17.059,15.315,18.29
"hom5","000rug","2012-07",16.128,13.983,17.966
"hom5","000rug","2012-08",17.022,15.321,18.41
"hom5","000rug","2012-09",18.214,16.124,20.361
"hom5","000rug","2012-10",19.704,16.889,22.647
"hom5","000rug","2012-11",20.056,16.708,22.044
"hom5","000rug","2012-12",20.242,18.845,21.892
"hom5","000rug","2013-01",21.357,19.061,23.647
"hom5","000rug","2013-02",21.97,19.112,23.558
"hom5","000rug","2013-03",21.25,19.737,22.906
"hom5","000rug","2013-04",20.061,18.574,21.55
"hom5","000rug","2013-05",18.108,16.107,19.384
"hom5","000rug","2013-06",16.525,14.921,18.612
"hom5","000rug","2013-07",16.049,14.356,17.565
"hom5","000rug","2013-08",16.141,14.166,18.051
"hom5","000rug","2013-09",18.483,15.76,21.212
"hom5","000rug","2013-10",20.048,18.34,22.215
"hom5","000rug","2013-11",20.894,16.651,22.952
"hom5","000rug","2013-12",20.227,18.811,21.459
"hom5","000rug","2014-01",22.2035,20.268,24.06
"hom5","000rug","2014-02",20.921,17.9725,24.5175
"hom5","000rug","2014-03",21.0025,18.7755,23.1795
"hom5","000rug","2014-04",19.857,18.193,21.61
"mai0","000wxt","2011-01",25.272,23.938,27.619
"mai0","000wxt","2011-02",24.807,21.181,26.859
"mai0","000wxt","2011-03",23.461,21.258,25.65
"mai0","000wxt","2011-04",22.117,20.393,23.003
"mai0","000wxt","2011-05",21.005,19.632,22.094
"mai0","000wxt","2011-06",20.192,18.573,21.84
"mai0","000wxt","2011-07",19.566,18.128,20.812
"mai0","000wxt","2011-08",20.025,18.313,20.988
"mai0","000wxt","2011-09",21.145,19.024,22.598
"mai0","000wxt","2011-10",21.719,18.563,24.325
"mai0","000wxt","2011-11",22.924,21.414,24.472
"mai0","000wxt","2011-12",23.585,21.183,25.261
"mai0","000wxt","2012-01",24.741,23.284,26.084
"mai0","000wxt","2012-02",23.694,20.884,25.457
"mai0","000wxt","2012-03",25.153,22.946,28.901
"mai0","000wxt","2012-04",22.177,20.634,23.778
"mai0","000wxt","2012-05",20.844,19.198,22.104
"mai0","000wxt","2012-06",20.018,18.59,20.996
"mai0","000wxt","2012-07",19.074,17.537,20.311
"mai0","000wxt","2012-08",19.833,18.564,21.128
"mai0","000wxt","2012-09",21.265,19.277,23.126
"mai0","000wxt","2012-10",22.865,20.655,24.571
"mai0","000wxt","2012-11",22.733,19.836,24.114
"mai0","000wxt","2012-12",22.896,21.143,24.712
"mai0","000wxt","2013-01",23.506,21.253,25.626
"mai0","000wxt","2013-02",24.643,22.067,26.396
"mai0","000wxt","2013-03",23.863,22.369,25.39
"mai0","000wxt","2013-04",22.457,20.022,23.995
"mai0","000wxt","2013-05",20.556,18.912,21.746
"mai0","000wxt","2013-06",19.233,17.881,20.366
"mai0","000wxt","2013-07",18.977,17.965,20.57
"mai0","000wxt","2013-08",19.462,17.991,21.208
"mai0","000wxt","2013-09",21.231,19.385,23.61
"mai0","000wxt","2013-10",22.339,20.79,23.927
"mai0","000wxt","2013-11",23.104,19.673,25.4275
"mai0","000wxt","2013-12",22.6615,21.267,24.031
"mai0","000wxt","2014-01",23.8205,22.4055,24.4985
"mai0","000wxt","2014-02",22.9305,20.6525,25.2615
"mai1","000rug","2011-01",23.205,21.893,24.964
"mai1","000rug","2011-02",23.309,20.625,24.69
"mai1","000rug","2011-03",23.46,21.854,24.945
"mai1","000rug","2011-04",23.239,22,24.567
"mai1","000rug","2011-05",22.274,20.607,23.808
"mai1","000rug","2011-06",21.439,18.862,23.102
"mai1","000rug","2011-07",20.607,19.216,22.352
"mai1","000rug","2011-08",20.829,19.375,21.575
"mai1","000rug","2011-09",21.744,19.355,23.631
"mai1","000rug","2011-10",22.504,19.035,25.134
"mai1","000rug","2011-11",23.423,21.857,24.903
"mai1","000rug","2011-12",24.634,22.25,26.145
"mai2","000rug","2011-01",25.948,23.181,29.197
"mai2","000rug","2011-02",25.997,22.24,30.921
"mai2","000rug","2011-03",26.647,23.264,29.088
"mai2","000rug","2011-04",25.098,22.946,26.415
"mai2","000rug","2011-05",23.813,21.803,25.366
"mai2","000rug","2011-06",22.836,21.233,24.701
"mai2","000rug","2011-07",22.196,20.373,23.408
"mai2","000rug","2011-08",22.642,21.305,23.281
"mai2","000rug","2011-09",23.543,21.348,24.867
"mai2","000rug","2011-10",24.279,20.868,26.518
"mai2","000rug","2011-11",25.581,23.373,27.21
"mai2","000rug","2011-12",26.325,23.639,27.835
"mai2","000rug","2012-01",28.344,26.795,30.025
"mai2","000rug","2012-02",27.685,25.22,28.746
"mai2","000rug","2012-03",27.007,24.977,29.075
"mai2","000rug","2012-04",24.917,22.477,27.791
"mai2","000rug","2012-05",23.28,21.06,24.669
"mai2","000rug","2012-06",22.611,21.239,23.785
"mai2","000rug","2012-07",22.19,20.515,23.606
"mai2","000rug","2012-08",22.94,21.311,24.396
"mai2","000rug","2012-09",24.454,22.704,27.106
"mai2","000rug","2012-10",26.309,23.356,28.381
"mai2","000rug","2012-11",26.135,22.096,28.193
"mai2","000rug","2012-12",26.4,24.398,27.848
"mai2","000rug","2013-01",26.837,24.997,28.926
"mai2","000rug","2013-02",27.7205,24.988,29.535
"mai2","000rug","2013-03",26.4395,24.481,28.497
"mai2","000rug","2013-04",24.54,21.797,26.0935
"mai2","000rug","2013-05",22.594,20.811,23.78
"mai2","000rug","2013-06",21.639,20.269,23.143
"mai2","000rug","2013-07",21.68,19.887,22.944
"mai2","000rug","2013-08",22.023,19.509,24.012
"mai2","000rug","2013-09",24.636,23.088,27.569
"mai2","000rug","2013-10",25.875,23.974,27.722
"mai2","000rug","2013-11",27.098,21.74,29.081
"mai2","000rug","2013-12",25.989,23.849,27.93
"mai2","000rug","2014-01",27.758,26.441,28.732
"mai2","000rug","2014-02",26.1915,21.934,29.172
"mai2","000rug","2014-03",26.316,23.524,27.703
"mai2","000rug","2014-04",24.69,22.341,27.224
"mai3","000rug","2011-01",27.4,25.56,30.838
"mai3","000rug","2011-02",27.222,21.588,29.938
"mai3","000rug","2011-03",25.957,22.774,29.048
"mai3","000rug","2011-04",24.57,22.568,25.83
"mai3","000rug","2011-05",23.248,21.511,24.728
"mai3","000rug","2011-06",22.492,20.77,24.7
"mai3","000rug","2011-07",21.796,20.082,23.193
"mai3","000rug","2011-08",22.33,20.762,22.973
"mai3","000rug","2011-09",23.348,20.825,24.878
"mai3","000rug","2011-10",24.129,20.4,26.68
"mai3","000rug","2011-11",25.215,22.682,27.597
"mai3","000rug","2011-12",25.945,23.542,27.575
"mai3","000rug","2012-01",27.624,26.094,29.483
"mai3","000rug","2012-02",27.396,24.715,28.638
"mai3","000rug","2012-03",26.292,23.992,27.593
"mai3","000rug","2012-04",24.2,21.852,26.555
"mai3","000rug","2012-05",22.857,20.598,24.193
"mai3","000rug","2012-06",22.17,20.678,23.416
"mai3","000rug","2012-07",21.579,20.067,22.913
"mai3","000rug","2012-08",22.104,20.522,23.43
"mai3","000rug","2012-09",23.285,21.708,25.25
"mai3","000rug","2012-10",25.16,21.78,27.396
"mai3","000rug","2012-11",25.311,21.845,27.07
"mai3","000rug","2012-12",25.2,23.292,27.027
"mai3","000rug","2013-01",26.416,24.809,28.095
"mai3","000rug","2013-02",27.0775,24.618,28.9955
"mai3","000rug","2013-03",25.7915,23.7655,27.736
"mai3","000rug","2013-04",24.128,21.6695,25.42
"mai3","000rug","2013-05",22.406,20.4545,23.711
"mai3","000rug","2013-06",21.643,20.189,23.0995
"mai3","000rug","2013-07",21.538,19.426,23.056
"mai3","000rug","2013-08",21.27,18.868,23.14
"mai3","000rug","2013-09",23.742,22.152,26.483
"mai3","000rug","2013-10",25.476,23.95,28.273
"mai3","000rug","2013-11",25.577,21.31,27.061
"mai3","000rug","2013-12",24.598,23.144,26.06
"mai3","000rug","2014-01",26.392,25.043,27.049
"mai3","000rug","2014-02",25.129,21.497,28.022
"mai3","000rug","2014-03",25.143,22.976,26.448
"mai3","000rug","2014-04",23.868,21.843,25.648
"mai4","000rug","2011-01",26.647,24.981,28.694
"mai4","000rug","2011-02",26.225,21.531,28.816
"mai4","000rug","2011-03",25.164,22.322,27.508
"mai4","000rug","2011-04",24.147,22.541,25.572
"mai4","000rug","2011-05",22.814,21.298,24.55
"mai4","000rug","2011-06",22.267,20.154,24.154
"mai4","000rug","2011-07",21.416,20.034,23.176
"mai4","000rug","2011-08",21.582,20.288,22.406
"mai4","000rug","2011-09",22.605,20.438,24.533
"mai4","000rug","2011-10",23.51,19.73,26.662
"mai4","000rug","2011-11",24.721,22.434,26.584
"mai4","000rug","2011-12",26.047,23.822,27.306
"mai4","000rug","2012-01",27.88,26.362,30.1
"mai4","000rug","2012-02",27.374,24.488,28.869
"mai4","000rug","2012-03",26.581,24.245,28.196
"mai4","000rug","2012-04",24.364,22.225,27.268
"mai4","000rug","2012-05",22.713,20.653,23.966
"mai4","000rug","2012-06",21.951,20.193,23.126
"mai4","000rug","2012-07",21.094,19.5,22.88
"mai4","000rug","2012-08",21.801,20.073,23.506
"mai4","000rug","2012-09",23.07,21.036,25.165
"mai4","000rug","2012-10",24.608,21.804,27.151
"mai4","000rug","2012-11",24.558,20.889,26.701
"mai4","000rug","2012-12",24.974,23.345,26.864
"mai4","000rug","2013-01",25.743,23.571,28.246
"mai4","000rug","2013-02",26.584,23.614,28.378
"mai4","000rug","2013-03",25.445,23.251,27.208
"mai4","000rug","2013-04",23.761,22.266,25.358
"mai4","000rug","2013-05",21.896,19.803,23.234
"mai4","000rug","2013-06",20.901,19.418,22.488
"mai4","000rug","2013-07",20.668,18.887,22.183
"mai4","000rug","2013-08",20.711,18.33,22.459
"mai4","000rug","2013-09",22.849,21.22,25.585
"mai4","000rug","2013-10",24.332,22.667,26.662
"mai4","000rug","2013-11",25.128,20.847,26.836
"mai4","000rug","2013-12",24.229,22.726,25.598
"mai4","000rug","2014-01",25.836,24.254,27.1525
"mai4","000rug","2014-02",24.895,21.596,27.751
"mai4","000rug","2014-03",24.915,22.816,26.562
"mai4","000rug","2014-04",23.73,21.666,25.424
"mai5","000rug","2011-01",25.832,23.962,27.484
"mai5","000rug","2011-02",25.478,20.69,27.954
"mai5","000rug","2011-03",25.015,22.413,27.017
"mai5","000rug","2011-04",23.924,22.391,25.336
"mai5","000rug","2011-05",22.483,21.142,24.139
"mai5","000rug","2011-06",21.969,19.625,23.449
"mai5","000rug","2011-07",21.336,19.948,23.165
"mai5","000rug","2011-08",21.599,20.329,22.423
"mai5","000rug","2011-09",22.617,20.189,24.778
"mai5","000rug","2011-10",23.377,19.489,25.851
"mai5","000rug","2011-11",24.263,22.123,26.076
"mai5","000rug","2011-12",24.942,22.685,26.085
"mai5","000rug","2012-01",26.413,24.987,28.372
"mai5","000rug","2012-02",26.225,24.352,27.517
"mai5","000rug","2012-03",25.999,24.067,27.754
"mai5","000rug","2012-04",23.817,22.491,25.645
"mai5","000rug","2012-05",22.318,20.131,23.75
"mai5","000rug","2012-06",21.503,19.791,22.489
"mai5","000rug","2012-07",20.752,19.105,22.35
"mai5","000rug","2012-08",21.405,19.59,22.63
"mai5","000rug","2012-09",22.589,20.601,24.649
"mai5","000rug","2012-10",24.072,21.165,26.55
"mai5","000rug","2012-11",24.071,20.706,26.334
"mai5","000rug","2012-12",24.447,22.645,26.435
"mai5","000rug","2013-01",24.486,22.446,26.539
"mai5","000rug","2013-02",25.298,22.004,27.07
"mai5","000rug","2013-03",24.724,22.456,26.222
"mai5","000rug","2013-04",23.025,21.828,24.512
"mai5","000rug","2013-05",21.28,19.587,22.309
"mai5","000rug","2013-06",20.157,18.84,21.616
"mai5","000rug","2013-07",19.932,18.481,21.239
"mai5","000rug","2013-08",20.322,18.255,21.849
"mai5","000rug","2013-09",22.403,20.736,25.214
"mai5","000rug","2013-10",23.889,22.116,26.024
"mai5","000rug","2013-11",24.44,20.815,26.141
"mai5","000rug","2013-12",23.173,22.064,24.585
"mai5","000rug","2014-01",25.033,23.273,26.623
"mai5","000rug","2014-02",23.9145,20.9875,26.89
"mai5","000rug","2014-03",24.469,21.7885,26.574
"mai5","000rug","2014-04",23.408,21.525,25.172
"mch0","000rad","2012-01",10.71,9.124,11.55
"mch0","000rad","2012-02",9.86,7.995,11.486
"mch0","000rad","2012-03",9.909,8.649,11.001
"mch0","000rad","2012-04",8.687,6.805,10.834
"mch0","000rad","2012-05",7.455,5.708,8.73
"mch0","000rad","2012-06",6.828,5.231,7.931
"mch0","000rad","2012-07",6.257,4.845,7.779
"mch0","000rad","2012-08",6.508,5.02,7.527
"mch0","000rad","2012-09",7.408,6.053,8.495
"mch0","000rad","2012-10",9.047,7.268,11.403
"mch0","000rad","2012-11",8.809,7.401,10.806
"mch0","000rad","2012-12",8.83,7.457,10.607
"mch0","000rad","2013-01",10.28,8.393,12.417
"mch0","000rad","2013-02",10.454,9.029,13.152
"mch0","000rad","2013-03",9.748,7.869,10.741
"mch0","000rad","2013-04",9.546,8.528,10.916
"mch0","000rad","2013-05",7.887,6.124,10.664
"mch0","000rad","2013-06",6.108,4.407,8.144
"mch0","000rad","2013-07",5.573,3.698,8.37
"mch0","000rad","2013-08",6.932,4.764,11.181
"mch0","000rad","2013-09",9.411,5.978,12.411
"mch0","000rad","2013-10",8.542,5.42,10.888
"mch0","000rad","2013-11",9.486,7.688,11.017
"mch0","000rad","2013-12",7.807,6.135,9.285
"nkw1","000rug","2011-01",19.978,18.396,22.049
"nkw1","000rug","2011-02",19.791,15.985,21.843
"nkw1","000rug","2011-03",19.558,18.345,21.172
"nkw1","000rug","2011-04",18.549,16.969,19.498
"nkw1","000rug","2011-05",16.815,15.582,18.559
"nkw1","000rug","2011-06",15.284,12.953,17.66
"nkw1","000rug","2011-07",13.854,11.724,15.909
"nkw1","000rug","2011-08",14.414,12.578,15.128
"nkw1","000rug","2011-09",16.133,12.923,18.821
"nkw1","000rug","2011-10",17.474,13.673,20.153
"nkw1","000rug","2011-11",18.818,16.742,20.874
"nkw1","000rug","2011-12",19.739,17.199,21.433
"sav0","000wxt","2011-01",24.836,22.611,27.207
"sav0","000wxt","2011-02",25.039,21.295,26.825
"sav0","000wxt","2011-03",24.295,22.342,25.931
"sav0","000wxt","2011-04",23.413,22.335,24.565
"sav0","000wxt","2011-05",22.138,21.063,23.45
"sav0","000wxt","2011-06",21.575,19.962,23.124
"sav0","000wxt","2011-07",20.952,19.654,22.51
"sav0","000wxt","2011-08",21.157,20.172,21.901
"sav0","000wxt","2011-09",21.994,20.215,23.607
"sav0","000wxt","2011-10",22.735,19.75,24.781
"sav0","000wxt","2011-11",23.57,22.078,24.988
"sav0","000wxt","2011-12",24.401,22.636,25.45
"sav0","000wxt","2012-01",25.819,24.213,27.61
"sav0","000wxt","2012-02",25.408,22.43,26.602
"sav0","000wxt","2012-03",23.441,6.918,25.325
"sav0","000wxt","2012-04",22.451,20.349,24.02
"sav0","000wxt","2012-05",21.933,20.26,23.187
"sav0","000wxt","2012-06",21.465,20.084,22.43
"sav0","000wxt","2012-07",20.601,19.368,21.919
"sav0","000wxt","2012-08",21.124,19.721,22.422
"sav0","000wxt","2012-09",22.054,20.397,23.779
"sav0","000wxt","2012-10",23.455,21.134,25.44
"sav0","000wxt","2012-11",23.638,20.831,25.495
"sav0","000wxt","2012-12",23.932,22.538,25.44
"sav0","000wxt","2013-01",24.271,22.693,25.951
"sav0","000wxt","2013-02",23.662,22.035,25.443
"sav0","000wxt","2013-03",18.064,10.756,23.786
"sav0","000wxt","2013-04",11.827,9.002,14.997
"sav0","000wxt","2013-05",9.873,7.555,13.633
"sav0","000wxt","2013-06",11.597,10.245,13.082
"sav0","000wxt","2013-07",9.627,7.423,12.147
"sav0","000wxt","2013-08",7.421,6.903,8.452
"sav0","000wxt","2013-09",7.787,7.027,9.437
"sav0","000wxt","2013-10",9.371,7.692,12.24
"sav0","000wxt","2013-11",9.375,7.174,11.398
"sav0","000wxt","2013-12",8.897,7.879,9.637
"sav0","000wxt","2014-01",9.572,8.993,10.203
"sav0","000wxt","2014-02",9.5535,8.3285,10.954
"sav0","000wxt","2014-03",8.932,8.13,10.829
"sav0","000wxt","2014-04",8.256,7.353,9.739
"sav1","000rug","2011-01",28.287,26.451,31.562
"sav1","000rug","2011-02",27.608,22.493,30.497
"sav1","000rug","2011-03",26.237,22.776,28.725
"sav1","000rug","2011-04",24.632,22.315,25.95
"sav1","000rug","2011-05",23.313,21.364,24.96
"sav1","000rug","2011-06",22.375,20.579,24.463
"sav1","000rug","2011-07",21.623,19.655,22.98
"sav1","000rug","2011-08",22.397,20.795,23.177
"sav1","000rug","2011-09",23.682,21.012,25.222
"sav1","000rug","2011-10",24.545,20.424,27.373
"sav1","000rug","2011-11",25.895,23.174,28.068
"sav1","000rug","2011-12",26.701,23.571,28.674
"sav1","000rug","2012-01",28.261,26.331,30.167
"sav1","000rug","2012-02",27.522,24.704,28.989
"sav1","000rug","2012-03",26.893,24.361,28.513
"sav1","000rug","2012-04",24.376,21.755,27.247
"sav1","000rug","2012-05",22.88,20.676,24.249
"sav1","000rug","2012-06",22.195,20.88,23.361
"sav1","000rug","2012-07",21.74,20.035,23.338
"sav1","000rug","2012-08",22.467,20.597,24.128
"sav1","000rug","2012-09",24.064,22.085,26.569
"sav1","000rug","2012-10",26.147,22.736,28.563
"sav1","000rug","2012-11",25.996,21.606,28.376
"sav1","000rug","2012-12",26.198,23.907,27.992
"sav1","000rug","2013-01",26.916,24.911,29.24
"sav1","000rug","2013-02",27.8745,24.945,29.8025
"sav1","000rug","2013-03",26.202,24.012,28.738
"sav1","000rug","2013-04",24.1315,21.2475,25.7095
"sav1","000rug","2013-05",22.2345,20.2685,23.502
"sav1","000rug","2013-06",21.194,19.883,22.758
"sav1","000rug","2013-07",21.264,19.099,22.618
"sav1","000rug","2013-08",21.931,19.041,23.826
"sav1","000rug","2013-09",24.855,21.943,28.919
"sav1","000rug","2013-10",25.643,23.588,27.48
"sav1","000rug","2013-11",26.758,21.272,28.701
"sav1","000rug","2013-12",25.793,23.484,27.495
"sav1","000rug","2014-01",27.371,26.11,28.103
"sav1","000rug","2014-02",25.809,21.427,28.965
"sav1","000rug","2014-03",25.664,23.028,27.148
"sav1","000rug","2014-04",24.087,21.605,26.574
"sav2","000rug","2011-01",26.554,22.6,31.16
"sav2","000rug","2011-02",27.454,21.155,30.572
"sav2","000rug","2011-03",26.139,23.003,30.257
"sav2","000rug","2011-04",24.771,22.768,26.076
"sav2","000rug","2011-05",23.538,21.742,25.184
"sav2","000rug","2011-06",22.61,20.964,24.466
"sav2","000rug","2011-07",22.034,20.363,23.361
"sav2","000rug","2011-08",22.424,20.854,23.13
"sav2","000rug","2011-09",23.557,20.945,24.992
"sav2","000rug","2011-10",24.432,20.687,27.319
"sav2","000rug","2011-11",25.707,23.052,27.893
"sav2","000rug","2011-12",26.522,23.243,28.284
"sav2","000rug","2012-01",28.044,26.251,30.149
"sav2","000rug","2012-02",27.263,24.354,28.768
"sav2","000rug","2012-03",26.404,24.291,27.973
"sav2","000rug","2012-04",24.085,22.192,26.524
"sav2","000rug","2012-05",22.73,20.61,23.985
"sav2","000rug","2012-06",22.024,20.683,23.211
"sav2","000rug","2012-07",21.288,19.535,22.755
"sav2","000rug","2012-08",22.043,20.244,23.529
"sav2","000rug","2012-09",23.423,21.453,25.837
"sav2","000rug","2012-10",25.026,21.835,27.256
"sav2","000rug","2012-11",24.897,21.133,26.941
"sav2","000rug","2012-12",25.24,23.219,27.365
"sav2","000rug","2013-01",26.398,24.246,28.566
"sav2","000rug","2013-02",27.196,23.923,29.315
"sav2","000rug","2013-03",25.552,23.3925,27.7075
"sav2","000rug","2013-04",24.026,21.2955,25.532
"sav2","000rug","2013-05",22.17,20.019,23.843
"sav2","000rug","2013-06",21.284,19.82,23.018
"sav2","000rug","2013-07",21.187,19.085,22.747
"sav2","000rug","2013-08",21.089,18.447,22.983
"sav2","000rug","2013-09",23.773,21.912,27.447
"sav2","000rug","2013-10",25.221,23.443,27.224
"sav2","000rug","2013-11",26.1,20.665,27.824
"sav2","000rug","2013-12",25.061,23.169,26.734
"sav2","000rug","2014-01",27.07,25.414,27.931
"sav2","000rug","2014-02",25.3805,21.064,28.779
"sav2","000rug","2014-03",25.336,22.804,26.956
"sav2","000rug","2014-04",24.025,21.692,26.011
"sav3","000rug","2011-01",26.028,24.295,28.689
"sav3","000rug","2011-02",25.656,20.502,28.611
"sav3","000rug","2011-03",24.356,21.64,27.133
"sav3","000rug","2011-04",22.921,21.751,24.099
"sav3","000rug","2011-05",21.475,19.964,22.918
"sav3","000rug","2011-06",20.72,18.245,22.608
"sav3","000rug","2011-07",19.817,18.444,21.637
"sav3","000rug","2011-08",19.98,18.494,20.751
"sav3","000rug","2011-09",21.039,18.858,22.862
"sav3","000rug","2011-10",22.114,18.297,25.611
"sav3","000rug","2011-11",23.582,21.454,25.313
"sav3","000rug","2011-12",24.969,22.19,26.245
"sav3","000rug","2012-01",26.655,24.836,29.223
"sav3","000rug","2012-02",26.089,23.254,27.507
"sav3","000rug","2012-03",25.388,23.325,26.958
"sav3","000rug","2012-04",23.04,21.085,25.761
"sav3","000rug","2012-05",21.252,19.181,22.476
"sav3","000rug","2012-06",20.366,18.774,21.331
"sav3","000rug","2012-07",19.454,17.942,21.266
"sav3","000rug","2012-08",20.144,18.446,21.893
"sav3","000rug","2012-09",21.483,19.324,23.674
"sav3","000rug","2012-10",23.17,20.276,25.739
"sav3","000rug","2012-11",23.457,19.706,25.674
"sav3","000rug","2012-12",23.982,22.097,25.819
"sav3","000rug","2013-01",24.502,22.337,26.843
"sav3","000rug","2013-02",25.279,22.33,27.193
"sav3","000rug","2013-03",24.14,21.886,25.937
"sav3","000rug","2013-04",22.52,21.114,24.008
"sav3","000rug","2013-05",20.733,18.891,22.066
"sav3","000rug","2013-06",19.491,18.099,21.036
"sav3","000rug","2013-07",19.042,17.681,20.358
"sav3","000rug","2013-08",19.022,16.867,20.75
"sav3","000rug","2013-09",21.223,19.53,23.826
"sav3","000rug","2013-10",22.854,21.042,25.1
"sav3","000rug","2013-11",23.864,19.557,25.839
"sav3","000rug","2013-12",23.427,22.112,24.801
"sav3","000rug","2014-01",24.863,23.196,26.625
"sav3","000rug","2014-02",23.8615,20.939,27.033
"sav3","000rug","2014-03",23.8505,21.7165,25.611
"sav3","000rug","2014-04",22.529,20.68,24.243
"sav4","000rug","2011-01",24.204,20.474,27.689
"sav4","000rug","2011-02",25.352,20.881,27.247
"sav4","000rug","2011-03",25.42,22.676,27.619
"sav4","000rug","2011-04",24.526,22.755,26.21
"sav4","000rug","2011-05",23.365,21.32,25.207
"sav4","000rug","2011-06",22.775,19.678,24.666
"sav4","000rug","2011-07",21.953,20.198,23.919
"sav4","000rug","2011-08",22.154,20.572,23.21
"sav4","000rug","2011-09",22.894,20.407,25.12
"sav4","000rug","2011-10",23.521,19.441,26.129
"sav4","000rug","2011-11",24.442,22.247,26.465
"sav4","000rug","2011-12",25.439,22.996,26.751
"sav4","000rug","2012-01",26.819,25.254,28.913
"sav4","000rug","2012-02",26.532,24.706,27.866
"sav4","000rug","2012-03",26.191,23.926,27.99
"sav4","000rug","2012-04",24.376,22.034,27.634
"sav4","000rug","2012-05",23.114,20.439,24.596
"sav4","000rug","2012-06",22.345,20.431,23.74
"sav4","000rug","2012-07",21.4,19.449,23.136
"sav4","000rug","2012-08",22.189,20.134,24.024
"sav4","000rug","2012-09",23.287,20.882,25.153
"sav4","000rug","2012-10",24.629,21.584,27.093
"sav4","000rug","2012-11",24.555,21.035,26.907
"sav4","000rug","2012-12",25.026,22.994,26.9
"sav4","000rug","2013-01",25.082,22.996,27.122
"sav4","000rug","2013-02",26.102,22.643,27.929
"sav4","000rug","2013-03",25.859,23.984,27.492
"sav4","000rug","2013-04",24.539,22.833,26.227
"sav4","000rug","2013-05",22.782,20.228,24.356
"sav4","000rug","2013-06",21.564,19.718,23.412
"sav4","000rug","2013-07",21.227,19.198,22.831
"sav4","000rug","2013-08",21.312,18.894,23.204
"sav4","000rug","2013-09",23.387,21.521,26.267
"sav4","000rug","2013-10",24.729,22.831,27.039
"sav4","000rug","2013-11",25.381,21.115,27.318
"sav4","000rug","2013-12",24.372,23.165,25.799
"sav4","000rug","2014-01",25.894,24.046,27.4795
"sav4","000rug","2014-02",24.627,21.549,27.9215
"sav4","000rug","2014-03",25.2345,22.4845,27.2375
"sav4","000rug","2014-04",24.635,22.128,26.657
"sav5","000rug","2011-01",25.813,23.81,28.098
"sav5","000rug","2011-02",25.517,20.645,28.267
"sav5","000rug","2011-03",25.474,22.785,27.922
"sav5","000rug","2011-04",24.617,22.883,26.128
"sav5","000rug","2011-05",23.368,21.562,25.129
"sav5","000rug","2011-06",22.654,19.845,24.386
"sav5","000rug","2011-07",22.088,20.326,24.031
"sav5","000rug","2011-08",22.321,20.745,23.432
"sav5","000rug","2011-09",23.109,20.712,25.278
"sav5","000rug","2011-10",23.736,19.729,26.16
"sav5","000rug","2011-11",24.544,22.334,26.546
"sav5","000rug","2011-12",25.35,22.948,26.552
"sav5","000rug","2012-01",27.029,25.637,28.837
"sav5","000rug","2012-02",26.988,24.937,28.457
"sav5","000rug","2012-03",26.646,23.939,28.559
"sav5","000rug","2012-04",24.32,22.177,27.038
"sav5","000rug","2012-05",22.981,20.403,24.362
"sav5","000rug","2012-06",22.14,20.278,23.499
"sav5","000rug","2012-07",21.262,19.333,22.96
"sav5","000rug","2012-08",22.191,20.149,23.625
"sav5","000rug","2012-09",23.483,21.124,25.478
"sav5","000rug","2012-10",24.967,21.761,27.308
"sav5","000rug","2012-11",24.627,21.293,27.12
"sav5","000rug","2012-12",25.055,23.174,27.13
"sav5","000rug","2013-01",25.177,22.989,27.376
"sav5","000rug","2013-02",26.079,22.582,27.962
"sav5","000rug","2013-03",25.821,23.875,27.608
"sav5","000rug","2013-04",24.372,22.773,26.008
"sav5","000rug","2013-05",22.406,20.042,23.698
"sav5","000rug","2013-06",21.181,19.412,22.944
"sav5","000rug","2013-07",20.948,18.917,22.419
"sav5","000rug","2013-08",21.095,18.858,22.779
"sav5","000rug","2013-09",22.991,21.226,25.731
"sav5","000rug","2013-10",24.131,22.419,26.273
"sav5","000rug","2013-11",24.706,20.882,26.556
"sav5","000rug","2013-12",23.706,22.664,25.042
"sav5","000rug","2014-01",25.17,23.45,26.67
"sav5","000rug","2014-02",24.0815,20.96,27.173
"sav5","000rug","2014-03",24.944,21.9955,27.209
"sav5","000rug","2014-04",24.47,21.833,26.442
"sun1","000rug","2011-01",22.666,18.218,26.422
"sun1","000rug","2011-02",23.89,19.56,26.041
"sun1","000rug","2011-03",23.51,21.128,25.54
"sun1","000rug","2011-04",22.772,21.149,24.168
"sun1","000rug","2011-05",21.808,20.149,23.434
"sun1","000rug","2011-06",21.372,18.65,22.805
"sun1","000rug","2011-07",20.756,19.262,22.57
"sun1","000rug","2011-08",20.679,19.392,21.753
"sun1","000rug","2011-09",21.255,19.294,23.005
"sun1","000rug","2011-10",21.809,18.362,23.881
"sun1","000rug","2011-11",22.607,20.733,24.206
"sun1","000rug","2011-12",22.859,17.422,24.514
"sun1","000rug","2012-01",25.76,24.673,27.459
"sun1","000rug","2012-02",24.795,22.586,26.905
"sun1","000rug","2012-03",24.566,22.028,26.109
"sun1","000rug","2012-04",22.257,19.857,25.157
"sun1","000rug","2012-05",20.464,18.687,22.571
"sun1","000rug","2012-06",18.197,16.148,22.074
"sun1","000rug","2012-07",17.204,15.217,19.705
"sun1","000rug","2012-08",18.703,16.285,21.755
"sun1","000rug","2012-09",20.937,18.562,24.869
"sun1","000rug","2012-10",23.195,19.635,26.003
"sun1","000rug","2012-11",23.335,20.295,24.852
"sun1","000rug","2012-12",23.87,22.211,25.663
"sun2","000rug","2011-01",20.939,15.92,25.209
"sun2","000rug","2011-02",22.32,17.582,24.649
"sun2","000rug","2011-03",21.919,19.308,24.14
"sun2","000rug","2011-04",21.123,19.336,22.696
"sun2","000rug","2011-05",20.075,18.273,21.871
"sun2","000rug","2011-06",19.621,16.646,21.188
"sun2","000rug","2011-07",18.951,17.322,20.943
"sun2","000rug","2011-08",18.847,17.451,20.031
"sun2","000rug","2011-09",19.469,17.346,21.372
"sun2","000rug","2011-10",20.067,16.315,22.314
"sun2","000rug","2011-11",20.929,18.868,22.704
"sun2","000rug","2011-12",21.339,19.536,23.005
"sun2","000rug","2012-01",22.228,21.044,23.269
"sun2","000rug","2012-02",21.684,18.881,24.272
"sun2","000rug","2012-03",21.13,19.401,22.874
"sun2","000rug","2012-04",19.869,17.962,22.346
"sun2","000rug","2012-05",18.308,16.125,20.06
"sun2","000rug","2012-06",16.05,13.459,21.235
"sun2","000rug","2012-07",15.113,12.903,19.802
"sun2","000rug","2012-08",16.273,13.343,19.309
"sun2","000rug","2012-09",17.939,15.607,24.549
"sun2","000rug","2012-10",19.478,16.869,21.536
"sun2","000rug","2012-11",19.848,17.839,21.471
"sun2","000rug","2012-12",20.06,19.245,21.773
"sun3","000rug","2012-01",22.975,21.856,24.359
"sun3","000rug","2012-02",22.136,20.055,24.299
"sun3","000rug","2012-03",22.104,20.551,23.845
"sun3","000rug","2012-04",20.821,18.85,22.475
"sun3","000rug","2012-05",19.45,17.264,21.312
"sun3","000rug","2012-06",17.042,14.287,22.029
"sun3","000rug","2012-07",16.058,13.798,20.332
"sun3","000rug","2012-08",17.108,14.24,19.985
"sun3","000rug","2012-09",18.739,16.47,24.766
"sun3","000rug","2012-10",20.433,17.715,22.086
"sun3","000rug","2012-11",21.015,19.261,22.561
"sun3","000rug","2012-12",21.086,19.956,22.685
"sun4","000rug","2011-01",21.379,17.427,24.724
"sun4","000rug","2011-02",22.467,18.652,24.358
"sun4","000rug","2011-03",22.135,20.035,23.924
"sun4","000rug","2011-04",21.488,20.056,22.727
"sun4","000rug","2011-05",20.639,19.182,22.075
"sun4","000rug","2011-06",20.261,17.863,21.522
"sun4","000rug","2011-07",19.719,18.404,21.319
"sun4","000rug","2011-08",19.647,18.514,20.595
"sun4","000rug","2011-09",20.152,18.429,21.691
"sun4","000rug","2011-10",20.638,17.607,22.46
"sun4","000rug","2011-11",21.339,19.686,22.753
"sun4","000rug","2011-12",21.699,20.139,23.017
"sun4","000rug","2012-01",23.173,21.969,24.712
"sun4","000rug","2012-02",22.649,20.613,24.831
"sun4","000rug","2012-03",22.641,20.907,24.115
"sun4","000rug","2012-04",21.14,19.08,23.5
"sun4","000rug","2012-05",19.828,18.002,21.325
"sun4","000rug","2012-06",18.951,17.855,19.773
"sun4","000rug","2012-07",18.166,16.417,19.602
"sun4","000rug","2012-08",18.853,15.662,20.949
"sun4","000rug","2012-09",19.902,17.799,23.639
"sun4","000rug","2012-10",21.455,19.033,23.306
"sun4","000rug","2012-11",22.258,20.982,23.601
"sun4","000rug","2012-12",22.142,20.894,23.175
"sun4","000rug","2013-01",23.295,21.213,25.776
"sun4","000rug","2013-02",23.653,21.2,25.4
"sun4","000rug","2013-03",22.909,21.661,24.214
"sun4","000rug","2013-04",22.425,21.194,24.315
"sun4","000rug","2013-05",20.044,18.314,22.48
"sun4","000rug","2013-06",17.907,15.38,20.37
"sun4","000rug","2013-07",17.605,15.476,20.225
"sun4","000rug","2013-08",18.08,15.769,21.679
"sun4","000rug","2013-09",20.494,17.965,23.933
"sun4","000rug","2013-10",20.836,18.481,23.54
"sun4","000rug","2013-11",22.722,20.887,24.545
"sun4","000rug","2013-12",22.075,20.489,23.612
"sun4","000rug","2014-01",23.172,21.921,23.825
"sun4","000rug","2014-02",22.126,20.137,24.502
"sun4","000rug","2014-03",22.257,20.731,23.379
"sun4","000rug","2014-04",21.1,19.647,23.085
